I1R,MI
I1R,M3R
I1R,M3R
I1R,I3
I1R,M3L
I1R,I5
I1R,I5
I1R,I5
I1R,mc2DR
I1R,mc1DR
I1R,g1D
I1R,g1D
I1R,g1D
I1R,pm1VR
M1,pm3VR
M1,pm3VR
M1,pm3VR
M1,pm3VR
M1,pm3VR
M1,pm3VR
M1,pm3VR
M1,e3D
M1,e3D
M1,I1R
M1,I1R
M1,I1R
M1,I1R
M1,I1R
M1,I1R
M1,I1R
M1,I2R
M1,I2R
M1,I2R
M1,I2R
M1,I2R
M1,I2R
M1,I2R
M1,I2R
M1,I2R
M1,I1L
M1,I1L
M1,I1L
M1,I1L
M1,I1L
M1,I1L
M1,I1L
M1,I1L
M1,I2L
M1,I2L
M1,I2L
M1,I2L
M1,I2L
M1,I2L
M1,I2L
M1,I2L
M1,I2L
M1,I2L
M1,I2L
M1,I2L
M1,I2L
M1,I3
M1,I3
M1,I3
M1,I3
M1,I3
M1,g1D
M1,g1D
M1,g1D
M1,g1D
M1,g1D
M1,g1D
M1,g1D
M1,g1D
M1,g1D
M1,pm1VR
M1,pm1VR
M1,pm1VR
M1,e3VL
M1,e3VL
M1,e3VL
M1,e3VR
M1,e2VL
M1,e2VL
M1,e2VL
M1,e2VR
M1,e2VR
M1,pm3VL
M1,pm3VL
M1,pm3VL
M1,pm3VL
M1,pm3VL
M1,pm3VL
M1,pm4
M1,pm4
M1,pm4
M1,pm1D
M1,pm1D
M1,pm1D
M1,pm1D
M1,pm1D
M1,pm1D
M1,pm2VLL
M1,pm2VLL
M1,pm2VLL
M1,pm1VL
M1,pm1VL
M1,pm1VL
M1,pm2DL
M1,pm2DR
M1,pm3D
M1,pm3D
M1,pm3D
M1,pm3D
M1,pm3D
M1,pm3D
M1,pm3D
M1,pm3D
M1,pm3D
M1,pm2VRL
I2R,pm3VR
I2R,pm3VR
I2R,pm3VR
I2R,I1R
I2R,I1R
I2R,M1
I2R,M1
I2R,M1
I2R,M1
I2R,I1L
I2R,I1L
I2R,M3L
I2R,MCR
I2R,NSML
I2R,e3VR
I2R,I6
I2R,pm4
I2R,pm4
I2R,pm4
I2R,pm4
I2R,pm4
I2R,pm4
I2R,pm5
I2R,pm5
I2R,pm5
I2R,pm5
I1L,e3D
I1L,I2R
I1L,MI
I1L,MI
I1L,M3R
I1L,M3R
I1L,M3L
I1L,M3L
I1L,M3L
I1L,M3L
I1L,M3L
I1L,M3L
I1L,I5
I1L,g1D
I1L,g1D
I1L,g1D
I1L,g1D
I1L,g1D
I1L,I6
I1L,pm4
I1L,M2L
I1L,pm1VL
I1L,pm1VL
I2L,I1R
I2L,M1
I2L,M1
I2L,M1
I2L,I1L
I2L,I1L
I2L,M3R
I2L,M3R
I2L,M3R
I2L,M3R
I2L,M3R
I2L,NSMR
I2L,NSMR
I2L,MCL
I2L,I6
I2L,I6
I2L,I6
I2L,I6
I2L,pm3VL
I2L,pm3VL
I2L,pm4
I2L,pm4
I2L,pm4
I2L,pm4
I2L,pm5
I2L,pm5
I2L,pm5
MI,M1
MI,M1
MI,M3R
MI,I3
MI,I3
MI,I3
MI,M3L
MI,M3L
MI,I5
MI,I5
MI,I5
MI,I5
MI,M4
MI,MCL
MI,MCR
MI,MCR
MI,I6
MI,pm4
MI,pm5
MI,pm5
MI,pm5
M3R,g1D
M3R,g1D
M3R,pm4
M3R,pm4
M3R,pm4
M3R,pm4
M3R,pm4
I3,M1
I3,M1
I3,I2R
I3,I2R
I3,MI
I3,MI
I3,MI
I3,MI
I3,MI
I3,MI
I3,MCL
I3,MCL
I3,MCR
I3,I6
I3,pm4
I3,pm4
I3,pm4
M3L,pm4
M3L,pm4
M3L,pm4
M3L,pm4
M3L,pm4
M3L,pm4
M3L,mc1DL
NSMR,I5
NSMR,I5
NSMR,I5
NSMR,I5
NSMR,I5
NSMR,I5
NSMR,I5
NSMR,I6
NSMR,I6
NSMR,I6
NSMR,pm5
NSMR,pm5
NSMR,pm5
NSMR,pm5
NSMR,pm5
NSMR,pm5
NSMR,pm5
NSMR,pm5
NSMR,pm5
NSMR,pm5
NSMR,pm5
NSMR,pm5
NSMR,I4
NSMR,I4
NSMR,I4
NSMR,I4
NSMR,M2R
NSMR,M2R
NSMR,M2R
NSMR,M2R
NSMR,M2R
NSMR,M2R
NSMR,bm
NSMR,bm
NSMR,bm
NSMR,bm
NSMR,bm
NSMR,bm
NSMR,bm
NSMR,bm
NSMR,bm
NSMR,bm
NSMR,bm
NSMR,bm
NSMR,pm8
NSMR,pm8
NSMR,g1VR
NSMR,g1VR
NSMR,g1VR
I5,e3D
I5,e3D
I5,e3D
I5,e3D
I5,MCR
I5,pm4
I5,pm4
I5,pm4
I5,pm4
I5,pm4
I5,pm4
I5,pm4
I5,pm4
I5,pm4
I5,pm4
I5,pm4
I5,pm4
I5,pm4
I5,pm4
I5,pm4
I5,pm4
I5,pm4
I5,pm4
I5,e1D
I5,e1D
I5,e1D
I5,e1D
I5,e1D
I5,e1D
I5,e1D
I5,e1D
I5,e1D
I5,e1D
I5,bm
M4,MCR
M4,pm5
M4,pm5
M4,pm5
M4,pm5
M4,pm5
M4,pm5
M4,pm5
M4,pm5
M4,pm5
M4,pm5
M4,pm5
M4,pm5
M4,pm5
M4,pm5
M4,pm5
M4,pm5
M4,pm5
M4,pm5
M4,pm5
M4,pm5
M4,pm5
M4,pm5
M4,pm5
M4,pm5
M4,pm5
M4,pm5
M4,pm5
M4,pm5
M4,pm5
M4,pm5
M4,pm5
M4,pm6VL
M4,pm6VL
M4,mc3DR
M4,mc3DR
M4,mc3DR
M4,pm6VR
M4,pm6VR
M4,g1VL
M4,g1VL
M4,mc3DL
M4,mc3DL
M4,pm7VR
M4,g1VR
M4,mc3V
MCL,mc2DR
MCL,mc2DR
MCL,mc2DR
MCL,mc2DR
MCL,mc2DR
MCL,mc2DR
MCL,mc2DR
MCL,pm4
MCL,pm4
MCL,pm4
MCL,pm4
MCL,pm4
MCL,pm4
MCL,pm4
MCL,pm4
MCL,mc2V
MCL,mc2V
MCR,mc2DL
MCR,mc2DL
MCR,mc2DL
MCR,mc2DL
MCR,pm4
MCR,pm4
MCR,pm4
MCR,mc2V
MCR,mc2V
MCR,mc2V
NSML,I5
NSML,I5
NSML,I5
NSML,I5
NSML,I5
NSML,I5
NSML,I6
NSML,I6
NSML,pm5
NSML,pm5
NSML,pm5
NSML,pm5
NSML,pm5
NSML,pm5
NSML,pm5
NSML,M2L
NSML,M2L
NSML,M2L
NSML,M2L
NSML,I4
NSML,I4
NSML,I4
NSML,bm
NSML,bm
NSML,bm
NSML,bm
NSML,bm
NSML,bm
NSML,bm
NSML,bm
NSML,bm
NSML,bm
NSML,bm
NSML,bm
NSML,bm
NSML,pm8
NSML,g1VL
I6,I1R
I6,I1R
I6,I1L
I6,I1L
I6,M3R
I6,M3L
I6,M3L
I6,M3L
I6,NSMR
I6,NSMR
I6,NSML
I6,pm5
I6,pm5
I6,bm
I6,pm8
I6,pm8
M5,pm5
M5,pm5
M5,pm5
M5,pm5
M5,pm5
M5,pm5
M5,pm5
M5,pm5
pm5,mc3DL
M2L,I5
M2L,I5
M2L,I5
M2L,NSML
M2L,NSML
M2L,NSML
M2L,mc2DL
M2L,mc2DL
M2L,mc2DL
M2L,mc2DL
M2L,mc2DL
M2L,mc2DL
M2L,mc2DL
M2L,mc2DL
M2L,pm4
M2L,pm5
M2L,pm5
M2L,pm5
M2L,pm5
I4,M1
I4,I2R
I4,MI
I4,MI
I4,MI
I4,M3R
I4,M3R
I4,I3
I4,I5
I4,I5
I4,I5
I4,I5
I4,M4
I4,MCL
I4,MCL
M2R,NSMR
M2R,NSMR
M2R,I5
M2R,I5
M2R,mc2DR
M2R,mc2DR
M2R,mc2DR
M2R,mc2DR
M2R,mc2DR
M2R,pm4
M2R,pm4
M2R,pm5