ADAL,ADAL,6
ADAL,ADLL,2
ADAL,AIAL,2
ADAL,AIBL,2
ADAL,AVAL,3
ADAL,AVBL,5
ADAL,AVDL,1
ADAL,AVEL,3
ADAL,PVPL,1
ADAL,RICL,3
ADAL,RIML,9
ADAL,RIPL,4
ADAL,URAVL,1
ADAL,URXL,2
ADAL,AIBR,2
ADAL,AVAR,7
ADAL,AVBR,21
ADAL,AVDR,2
ADAL,AVJR,11
ADAL,RICR,1
ADAL,SMDVR,3
ADEL,ADEL,2
ADEL,ADAL,1
ADEL,ALML,1
ADEL,AVAL,7
ADEL,AVDL,2
ADEL,AVEL,3
ADEL,AVHL,2
ADEL,BDUL,1
ADEL,CEPDL,1
ADEL,CEPVL,1
ADEL,FLPL,4
ADEL,IL1L,3
ADEL,IL2L,5
ADEL,OLLL,6
ADEL,RIAL,2
ADEL,RIFL,1
ADEL,RIGL,18
ADEL,RIVL,2
ADEL,RMDL,11
ADEL,RMGL,7
ADEL,RMHL,1
ADEL,SMBVL,2
ADEL,URBL,2
ADEL,dBWML3,1
ADEL,dBWML5,1
ADEL,vBWML1,4
ADEL,ADER,5
ADEL,AVAR,9
ADEL,RIGR,15
ADEL,RIVR,2
ADEL,RMER,1
ADEL,RMHR,2
ADEL,SAADR,1
ADEL,SIADR,2
ADEL,SIBDR,2
ADEL,SMBDR,1
ADFL,ADAL,2
ADFL,ADLL,1
ADFL,AFDL,1
ADFL,AIAL,2
ADFL,AIBL,2
ADFL,AIZL,39
ADFL,AUAL,12
ADFL,AWBL,2
ADFL,RIAL,46
ADFL,RIBL,4
ADFL,RIGL,4
ADFL,RIVL,1
ADFL,SMBDL,1
ADFL,SMBVL,9
ADFL,SMDVL,1
ADFL,URXL,1
ADFL,AIBR,1
ADFL,AWCR,2
ADFL,RIGR,1
ADLL,ADAL,1
ADLL,AIAL,19
ADLL,AIBL,26
ADLL,ASEL,1
ADLL,ASGL,2
ADLL,ASHL,6
ADLL,AVAL,9
ADLL,AVBL,12
ADLL,AVDL,4
ADLL,AVJL,3
ADLL,AWAL,1
ADLL,AWBL,3
ADLL,AWCL,2
ADLL,OLQVL,2
ADLL,RIAL,1
ADLL,RIGL,1
ADLL,RIPL,3
ADLL,SMBVL,5
ADLL,ASER,12
ADLL,AVAR,5
ADLL,AVDR,15
ADLL,AVJR,9
AFDL,AFDL,1
AFDL,AIBL,1
AFDL,AIYL,25
AFDL,ASEL,1
AFDL,AWBL,4
AFDL,AINR,3
AFDL,ASER,1
AIAL,ADAL,1
AIAL,ADFL,2
AIAL,ADLL,1
AIAL,AIBL,35
AIAL,AIML,6
AIAL,AIZL,4
AIAL,ASEL,5
AIAL,ASGL,1
AIAL,ASHL,1
AIAL,ASJL,4
AIAL,ASKL,9
AIAL,AWCL,1
AIAL,PVQL,1
AIAL,RIFL,10
AIAL,RMGL,2
AIAL,ASER,10
AIAL,AWCR,6
AIBL,AIBL,2
AIBL,ASHL,1
AIBL,AVAL,5
AIBL,AVBL,21
AIBL,AVEL,1
AIBL,FLPL,1
AIBL,RIFL,1
AIBL,RIML,1
AIBL,SAADL,6
AIBL,SAAVL,3
AIBL,AIZR,7
AIBL,ASHR,3
AIBL,RIBR,16
AIBL,RIGR,5
AIBL,RIMR,56
AIBL,RMFR,6
AIBL,SAADR,10
AIBL,SAAVR,1
AIBL,SIADR,2
AIBL,SIAVR,2
AIBL,SIBVR,2
AIBL,SMDDR,16
AIBL,SMDVR,4
AIML,AIAL,11
AIML,ALML,1
AIML,ASGL,8
AIML,ASJL,2
AIML,ASKL,7
AIML,AVDL,1
AIML,AVFL,5
AIML,AVHL,2
AIML,AVJL,1
AIML,CEPDL,3
AIML,CEPshDL,2
AIML,CEPshVL,1
AIML,PVQL,1
AIML,RIFL,2
AIML,RMGL,3
AIML,SMBVL,4
AIML,URXL,1
AIML,AVFR,4
AIML,AVHR,1
AINL,ASEL,1
AINL,ASIL,11
AINL,BAGL,5
AINL,RIBL,2
AINL,RMDVL,3
AINL,RMFL,1
AINL,SAAVL,3
AINL,AFDR,10
AINL,AIAR,1
AINL,ASGR,1
AINL,AUAR,2
AINL,CEPshVR,2
AINL,RIBR,3
AIYL,AFDL,2
AIYL,AIBL,3
AIYL,AIZL,67
AIYL,AWAL,14
AIYL,AWCL,5
AIYL,RIAL,51
AIYL,RIBL,42
AIYL,ASER,1
AIYL,AWCR,3
AIYL,HSNR,1
AIZL,ADFL,1
AIZL,AFDL,1
AIZL,AIAL,12
AIZL,AIBL,10
AIZL,ASEL,4
AIZL,AVEL,3
AIZL,RIAL,29
AIZL,RIGL,4
AIZL,RIML,35
AIZL,SMBDL,24
AIZL,SMBVL,21
AIZL,SMDVL,3
AIZL,URYDL,3
AIZL,vBWML7,1
AIZL,AIBR,53
AIZL,AVER,26
AIZL,AVKR,4
AIZL,AWCR,2
AIZL,RICR,11
ALML,ALML,1
ALML,AIML,1
ALML,AVEL,3
ALML,BDUL,15
ALML,CEPDL,2
ALML,CEPVL,3
ALML,PVCL,11
ALML,RICL,2
ALML,RIFL,2
ALML,RMGL,3
ALML,SDQL,2
ALML,AVDR,3
ALML,PVCR,4
ALML,RICR,3
ALML,RMDDR,1
ALML,SMBDR,2
ALNL,RIAL,1
ALNL,RMGL,1
ALNL,RMHL,1
ALNL,SAAVL,8
ALNL,SMDVL,1
ALNL,RMDDR,1
ALNL,SIADR,1
ALNL,SMBDR,7
ASEL,AIAL,6
ASEL,AIBL,16
ASEL,AIYL,32
ASEL,AIZL,1
ASEL,ASJL,1
ASEL,AWBL,1
ASEL,AWCL,16
ASEL,ADFR,1
ASEL,AFDR,3
ASEL,AIBR,13
ASEL,AIYR,21
ASEL,ASER,2
ASEL,AWCR,11
ASEL,IL2R,1
ASEL,OLLR,1
ASEL,RIAR,2
ASGL,AIAL,46
ASGL,AIBL,17
ASGL,ASKL,2
ASGL,AINR,2
ASHL,ADAL,2
ASHL,ADFL,6
ASHL,ADLL,6
ASHL,AIAL,24
ASHL,AIBL,13
ASHL,AIZL,3
ASHL,ASKL,1
ASHL,AVAL,15
ASHL,AVBL,14
ASHL,AVDL,7
ASHL,AVFL,2
ASHL,HSNL,2
ASHL,RIAL,9
ASHL,RIML,4
ASHL,RIPL,4
ASHL,URXL,2
ASHL,AVAR,1
ASHL,AVDR,20
ASHL,AVHR,2
ASIL,ADFL,1
ASIL,AIAL,2
ASIL,AIBL,3
ASIL,AIYL,3
ASIL,AIZL,1
ASIL,ASGL,3
ASIL,ASKL,3
ASIL,AWCL,3
ASIL,RIAL,3
ASIL,RIBL,1
ASIL,RMFL,1
ASIL,SAAVL,2
ASIL,AIYR,2
ASIL,ASER,8
ASIL,AWAR,2
ASIL,AWCR,4
ASIL,CEPVR,1
ASJL,ASKL,12
ASJL,CEPDL,1
ASJL,HSNL,1
ASJL,PVQL,34
ASJL,ASKR,1
ASJL,HSNR,1
ASKL,AIAL,29
ASKL,AIBL,9
ASKL,AIML,5
ASKL,ASJL,1
ASKL,ASER,4
AUAL,ADFL,1
AUAL,AIYL,1
AUAL,AIZL,2
AUAL,AVAL,11
AUAL,AVEL,9
AUAL,RIAL,21
AUAL,RIBL,35
AUAL,URXL,1
AUAL,AIBR,1
AUAL,AVDR,2
AUAL,BAGR,3
AVAL,AVBL,2
AVAL,AVDL,3
AVAL,AVEL,1
AVAL,LUAL,6
AVAL,PVCL,21
AVAL,PVNL,1
AVAL,RIAL,3
AVAL,SABVL,2
AVAL,AVAR,12
AVAL,AVDR,2
AVAL,AVER,2
AVAL,LUAR,2
AVAL,PVCR,16
AVBL,AVAL,9
AVBL,AVEL,1
AVBL,SDQL,1
AVBL,AVAR,14
AVBL,AVBR,6
AVBL,AVDR,3
AVBL,AVER,1
AVBL,AVJR,1
AVBL,PVCR,2
AVBL,PVNR,3
AVBL,PVPR,3
AVDL,AVAL,37
AVDL,AVEL,5
AVDL,AVJL,1
AVDL,LUAL,2
AVDL,PVCL,1
AVDL,SABVL,2
AVDL,AVAR,37
AVDL,AVDR,5
AVDL,SABVR,5
AVEL,ALML,1
AVEL,AVAL,17
AVEL,AVDL,5
AVEL,PVCL,1
AVEL,RMGL,2
AVEL,SABVL,16
AVEL,AVAR,3
AVEL,PVCR,2
AVEL,SABVR,12
AVFL,AIML,1
AVFL,AVBL,4
AVFL,AVHL,4
AVFL,AVJL,2
AVFL,HSNL,2
AVFL,PVNL,1
AVFL,PVQL,1
AVFL,RIFL,1
AVFL,SMBVL,1
AVFL,vBWML10,1
AVFL,vBWML11,1
AVFL,vBWML13,1
AVFL,AVBR,1
AVFL,AVFR,12
AVFL,AVHR,1
AVFL,HSNR,3
AVFL,PDER,1
AVFL,PVQR,1
AVFL,RIFR,1
AVFL,vBWMR13,1
AVHL,AVBL,2
AVHL,AVDL,1
AVHL,AVFL,1
AVHL,AVJL,4
AVHL,PVPL,1
AVHL,ADFR,5
AVHL,ASHR,1
AVHL,AVAR,1
AVHL,AVBR,1
AVHL,AVFR,5
AVHL,AVHR,1
AVHL,AVJR,1
AVHL,AWBR,3
AVHL,BDUR,1
AVHL,PVPR,2
AVHL,PVQR,3
AVHL,RIFR,1
AVHL,RIMR,1
AVHL,SMBDR,4
AVHL,SMBVR,4
AVJL,AINL,1
AVJL,AVBL,5
AVJL,AVDL,1
AVJL,AVEL,1
AVJL,AVHL,3
AVJL,PVCL,5
AVJL,ASHR,1
AVJL,AVAR,1
AVJL,AVBR,6
AVJL,AVJR,1
AVJL,PVCR,1
AVJL,PVNR,4
AVJL,RIFR,1
AVKL,AVBL,2
AVKL,AVEL,4
AVKL,PDEL,2
AVKL,RIML,3
AVKL,RIVL,5
AVKL,RMDL,1
AVKL,RMFL,2
AVKL,SAADL,1
AVKL,vBWML11,3
AVKL,AVER,2
AVKL,PDER,1
AVKL,RIMR,2
AVKL,SAADR,3
AVKL,SIAVR,2
AVKL,SIBDR,2
AVKL,vBWMR11,3
AVKL,vBWMR6,2
AWAL,ADAL,2
AWAL,AFDL,7
AWAL,AIYL,3
AWAL,AIZL,23
AWAL,ASEL,7
AWAL,ASGL,1
AWAL,ASHL,2
AWAL,AWBL,9
AWBL,ADFL,25
AWBL,AIAL,4
AWBL,AIYL,1
AWBL,AIZL,15
AWBL,ASEL,1
AWBL,ASHL,2
AWBL,AVBL,2
AWBL,AWAL,2
AWBL,AWCL,1
AWBL,HSNL,1
AWBL,RIAL,10
AWBL,RIGL,2
AWBL,SMBDL,2
AWBL,SMBVL,3
AWBL,AIBR,1
AWBL,AVHR,2
AWCL,AFDL,2
AWCL,AIAL,2
AWCL,AIBL,12
AWCL,AIYL,22
AWCL,AIZL,1
AWCL,ASIL,1
AWCL,AVAL,1
AWCL,RIAL,6
AWCL,SMDVL,1
AWCL,AIAR,4
AWCL,AIBR,2
AWCL,ASER,1
AWCL,ASGR,1
AWCL,AWCR,11
BAGL,AIBL,2
BAGL,AINL,1
BAGL,AVEL,2
BAGL,RIGL,3
BAGL,ADFR,1
BAGL,AIZR,2
BAGL,AUAR,2
BAGL,AVAR,3
BAGL,AVER,7
BAGL,BAGR,1
BAGL,CEPVR,2
BAGL,CEPshVR,3
BAGL,RIAR,18
BAGL,RIBR,19
BAGL,RIGR,7
BAGL,RIPR,1
BAGL,RIVR,2
BAGL,URAVR,1
BAGL,URXR,1
BDUL,ADAL,2
BDUL,ADEL,6
BDUL,ALML,1
BDUL,AVHL,2
BDUL,CEPshVL,2
BDUL,HSNL,3
BDUL,PVNL,2
BDUL,RIFL,2
BDUL,RMGL,3
BDUL,SAADL,3
BDUL,URADL,3
BDUL,dBWML5,3
BDUL,AVJR,2
BDUL,PVNR,4
CEPDL,AFDL,2
CEPDL,AINL,2
CEPDL,ALML,2
CEPDL,IL1DL,18
CEPDL,IL2DL,1
CEPDL,OLLL,8
CEPDL,OLQDL,27
CEPDL,RIBL,3
CEPDL,RICL,11
CEPDL,RIPL,8
CEPDL,RMDDL,2
CEPDL,RMDVL,13
CEPDL,RMGL,6
CEPDL,RMHL,1
CEPDL,URADL,8
CEPDL,URBL,11
CEPDL,URYDL,7
CEPDL,dBWML5,2
CEPDL,AVER,13
CEPDL,CEPDR,1
CEPDL,RICR,8
CEPDL,RMHR,8
CEPDL,SIADR,4
CEPDL,SIBDR,2
CEPDL,SMBDR,5
CEPVL,CEPshVL,1
CEPVL,IL1VL,9
CEPVL,OLLL,4
CEPVL,OLQVL,19
CEPVL,RIAL,1
CEPVL,RIBL,3
CEPVL,RICL,20
CEPVL,RIPL,4
CEPVL,RMDDL,7
CEPVL,RMGL,2
CEPVL,RMHL,10
CEPVL,SIAVL,6
CEPVL,SMBVL,1
CEPVL,URAVL,6
CEPVL,URXL,2
CEPVL,URYVL,5
CEPVL,vBWML5,1
CEPVL,vBWML7,2
CEPVL,AVER,5
CEPVL,RICR,17
CEPVL,RMDVR,8
CEPVL,RMHR,5
CEPVL,SMDVR,1
FLPL,ADEL,22
FLPL,AIBL,3
FLPL,AVAL,33
FLPL,AVBL,22
FLPL,AVDL,30
FLPL,ADER,3
FLPL,AIBR,3
FLPL,AVAR,48
FLPL,AVBR,22
FLPL,AVDR,34
FLPL,FLPR,2
FLPL,PVCR,6
HSNL,HSNL,1
HSNL,ADLL,1
HSNL,AIAL,8
HSNL,AIZL,6
HSNL,ASHL,3
HSNL,ASKL,3
HSNL,AVFL,11
HSNL,AVJL,3
HSNL,AWBL,5
HSNL,PVQL,1
HSNL,RIFL,9
HSNL,RIML,4
HSNL,vBWML11,1
HSNL,vBWML15,3
HSNL,vBWML16,1
HSNL,vm2AL,6
HSNL,vm2PL,6
HSNL,ADLR,1
HSNL,AIMR,2
HSNL,AIZR,3
HSNL,ASHR,1
HSNL,ASJR,2
HSNL,ASKR,2
HSNL,AVFR,4
HSNL,AWAR,3
HSNL,AWBR,3
HSNL,HSNR,5
HSNL,RMGR,1
HSNL,vBWMR11,1
HSNL,vm2AR,6
HSNL,vm2PR,6
I1L,I2L,10
I1L,M2L,3
I1L,M3L,8
I1L,MCL,2
I1L,NSML,3
I1L,pm3VL,7
I1L,pm4VL,2
I1L,M3R,2
I1L,MCR,2
I2L,I1L,2
I2L,NSML,14
I2L,e3VL,1
I2L,pm3VL,1
I2L,pm4VL,2
I2L,pm5VL,2
I2L,I2R,3
I2L,M3R,3
I2L,NSMR,24
I2L,pm5VR,1
IL1L,ADEL,3
IL1L,IL2L,1
IL1L,OLLL,1
IL1L,RMDDL,20
IL1L,RMDVL,22
IL1L,RMGL,1
IL1L,URAVL,4
IL1L,URBL,1
IL1L,dBWML3,16
IL1L,dBWML4,15
IL1L,dBWML5,7
IL1L,vBWML1,20
IL1L,vBWML2,6
IL1L,vBWML4,4
IL1L,AVER,5
IL1L,RMDR,9
IL1L,RMDVR,5
IL1L,RMER,4
IL1DL,IL2DL,1
IL1DL,RIPL,11
IL1DL,RMDVL,3
IL1DL,RMEL,1
IL1DL,URADL,10
IL1DL,dBWML1,11
IL1DL,dBWML2,4
IL1DL,dBWML3,5
IL1DL,dBWML6,9
IL1DL,RMDDR,3
IL1DL,dBWMR7,2
IL1VL,IL1VL,5
IL1VL,IL1L,3
IL1VL,OLQVL,2
IL1VL,RIPL,13
IL1VL,RMDDL,30
IL1VL,RMHL,1
IL1VL,URAVL,4
IL1VL,URYVL,4
IL1VL,vBWML1,15
IL1VL,vBWML2,18
IL1VL,RMDVR,3
IL2L,ADEL,6
IL2L,AVEL,2
IL2L,IL1L,6
IL2L,OLQDL,20
IL2L,OLQVL,19
IL2L,RICL,1
IL2L,URAVL,2
IL2L,URXL,3
IL2L,RMDR,3
IL2L,RMER,10
IL2DL,IL2DL,2
IL2DL,AUAL,2
IL2DL,IL1DL,17
IL2DL,OLQDL,2
IL2DL,RIBL,1
IL2DL,RIPL,28
IL2DL,RMEL,11
IL2DL,RMHL,1
IL2DL,URADL,8
IL2DL,AVBR,2
IL2DL,RMER,8
IL2VL,IL1VL,27
IL2VL,IL2L,1
IL2VL,OLQVL,6
IL2VL,RIAL,4
IL2VL,RIPL,36
IL2VL,RMEL,7
IL2VL,URAVL,7
IL2VL,BAGR,1
IL2VL,RMER,6
LUAL,AVAL,27
LUAL,AVDL,27
LUAL,AVJL,4
LUAL,PHBL,2
LUAL,PVNL,1
LUAL,PVWL,1
LUAL,AVAR,23
LUAL,AVDR,6
LUAL,AVJR,1
M2L,M3L,3
M2L,g1AL,8
M2L,pm4VL,9
M2L,pm5VL,21
M2L,M3R,1
M3L,NSML,1
M3L,pm4VL,6
M3L,pm5VL,2
MCL,mc2DR,7
NSML,M3L,21
NSML,pm4VL,2
NSML,pm5VL,63
NSML,M3R,1
NSML,NSMR,7
NSML,pm5VR,8
OLLL,OLLL,4
OLLL,ADEL,5
OLLL,CEPDL,5
OLLL,CEPVL,14
OLLL,IL1VL,3
OLLL,RIBL,24
OLLL,RMDL,6
OLLL,RMDDL,22
OLLL,RMDVL,3
OLLL,RMEL,5
OLLL,SMDDL,8
OLLL,URYDL,2
OLLL,URYVL,1
OLLL,AVER,53
OLLL,SMDDR,9
OLLL,SMDVR,10
OLQDL,CEPDL,3
OLQDL,RMDDL,1
OLQDL,RMEL,2
OLQDL,RMHL,1
OLQDL,SIBVL,10
OLQDL,URYDL,3
OLQDL,dBWML6,1
OLQDL,RICR,6
OLQDL,RMDDR,10
OLQVL,AVAL,1
OLQVL,IL2L,1
OLQVL,RICL,4
OLQVL,RMHL,2
OLQVL,SIAVL,9
OLQVL,SIBDL,13
OLQVL,AVDR,1
OLQVL,RMDVR,14
PDEL,AVKL,5
PDEL,PDER,4
PHAL,AVFL,4
PHAL,AVHL,4
PHAL,PHBL,7
PHAL,PVQL,3
PHAL,AVDR,2
PHAL,AVHR,1
PHAL,PHAR,13
PHAL,PHBR,10
PHBL,AVAL,48
PHBL,AVDL,6
PHBL,PVCL,71
PHBL,PVNL,1
PHBL,AVAR,33
PHBL,AVDR,1
PHBL,PHBR,4
PHCL,AVAL,5
PHCL,LUAL,2
PHCL,PVCL,7
PHCL,AVHR,1
PHCL,PHAR,1
PHCL,PHCR,2
PHCL,PVQR,2
PLML,AVAL,4
PLML,PDEL,16
PLML,AVAR,5
PLML,AVDR,5
PLML,PDER,19
PLNL,SAADL,5
PLNL,SIAVL,10
PLNL,SMBVL,10
PVCL,PVCL,1
PVCL,AVAL,5
PVCL,AVBL,7
PVCL,AVDL,7
PVCL,AVEL,2
PVCL,AVJL,3
PVCL,PDEL,1
PVCL,SIBDL,2
PVCL,SIBVL,7
PVCL,ADLR,2
PVCL,ASHR,2
PVCL,AVAR,7
PVCL,AVBR,27
PVCL,AVDR,11
PVCL,AVER,7
PVCL,AVJR,2
PVCL,PVCR,10
PVCL,SMBVR,3
PVDL,AVAL,13
PVDL,AVDL,1
PVDL,AVFL,1
PVDL,PVCL,13
PVDL,PVPL,1
PVDL,AVAR,29
PVDL,AVDR,1
PVDL,PVCR,36
PVDL,PVDR,10
PVNL,AVAL,6
PVNL,AVDL,7
PVNL,AVJL,6
PVNL,BDUL,5
PVNL,LUAL,3
PVNL,PVCL,5
PVNL,PVDL,3
PVNL,PVWL,4
PVNL,vBWML11,5
PVNL,vBWML20,1
PVNL,AVBR,2
PVNL,AVDR,6
PVNL,AVJR,8
PVNL,BDUR,2
PVNL,PVNR,9
PVNL,PVPR,1
PVNL,PVWR,1
PVNL,vBWMR11,5
PVNL,vBWMR20,1
PVPL,ADAL,1
PVPL,AVAL,4
PVPL,AVBL,13
PVPL,PVCL,3
PVPL,PVDL,1
PVPL,RIGL,3
PVPL,vBWML10,2
PVPL,AVAR,3
PVPL,AVBR,12
PVPL,AVDR,3
PVPL,AVHR,3
PVPL,PVCR,9
PVQL,AIAL,10
PVQL,ASJL,3
PVQL,ASKL,12
PVQL,AWAL,1
PVQL,HSNL,3
PVQL,PVPL,1
PVQL,RMGL,1
PVQL,AVHR,1
PVQL,HSNR,6
PVQL,vBWMR10,1
PVWL,AVJL,1
PVWL,PVCL,1
PVWL,PVCR,1
PVWL,PVWR,1
RIAL,AIZL,1
RIAL,AVAL,2
RIAL,CEPDL,1
RIAL,RIBL,2
RIAL,RIML,2
RIAL,RIVL,8
RIAL,RMDL,26
RIAL,RMDDL,48
RIAL,RMDVL,48
RIAL,SAADL,1
RIAL,SIADL,3
RIAL,SMDDL,22
RIAL,SMDVL,14
RIAL,URXL,2
RIAL,BAGR,2
RIAL,RIAR,23
RIAL,RIMR,2
RIAL,RIVR,12
RIAL,RMDR,17
RIAL,RMDDR,35
RIAL,RMDVR,48
RIAL,SIAVR,2
RIAL,SMBDR,7
RIAL,SMDDR,33
RIAL,SMDVR,32
RIBL,AUAL,9
RIBL,AVAL,5
RIBL,AVEL,9
RIBL,CEPVL,5
RIBL,RIAL,6
RIBL,RIGL,1
RIBL,RIML,1
RIBL,URYDL,3
RIBL,AIBR,8
RIBL,AVBR,1
RIBL,AVDR,4
RIBL,AVER,14
RIBL,BAGR,3
RIBL,RMDR,1
RIBL,SMDVR,6
RICL,ADAL,1
RICL,AVAL,15
RICL,CEPDL,1
RICL,CEPVL,2
RICL,OLQVL,1
RICL,RIML,1
RICL,SAAVL,2
RICL,SMBDL,5
RICL,SMDDL,11
RICL,ADAR,7
RICL,ADLR,2
RICL,AVAR,18
RICL,RICR,2
RICL,RIMR,8
RICL,RIVR,4
RICL,RMFR,2
RICL,SMBDR,1
RICL,SMDDR,8
RICL,SMDVR,1
RICL,URBR,2
RIFL,ALML,5
RIFL,AVBL,26
RIFL,PVPL,8
RIFL,RIML,7
RIFL,dBWML5,2
RIFL,AVBR,1
RIFL,AVHR,1
RIFL,AVJR,8
RIGL,ADFL,1
RIGL,ADLL,2
RIGL,AIZL,10
RIGL,ALNL,6
RIGL,AVEL,7
RIGL,OLQVL,2
RIGL,PVPL,2
RIGL,RIBL,3
RIGL,RMGL,6
RIGL,URXL,6
RIGL,AIBR,4
RIGL,AIZR,2
RIGL,AVER,1
RIGL,AVKR,17
RIGL,BAGR,3
RIGL,RMHR,23
RIML,RIML,11
RIML,AIBL,1
RIML,AVAL,5
RIML,AVBL,9
RIML,RIAL,3
RIML,RIBL,9
RIML,RMDL,9
RIML,RMFL,2
RIML,SAADL,1
RIML,SAAVL,10
RIML,SMDDL,11
RIML,SMDVL,11
RIML,AIBR,22
RIML,AVAR,2
RIML,AVBR,11
RIML,AVER,5
RIML,AVKR,1
RIML,RICR,1
RIML,RIMR,2
RIML,RMDR,21
RIML,RMFR,2
RIML,SAADR,4
RIML,SAAVR,10
RIML,SMDDR,14
RIML,dBWMR5,6
RIML,vBWMR4,2
RIPL,RIPL,3
RIPL,ADFL,3
RIPL,BAGL,7
RIPL,OLLL,4
RIPL,OLQVL,1
RIPL,mc2DL,2
RIPL,pm3VL,4
RIPL,OLQDR,2
RIVL,RIAL,5
RIVL,RMDL,4
RIVL,RMDVL,5
RIVL,SMDVL,2
RIVL,RIAR,2
RIVL,RIVR,1
RIVL,SAADR,11
RIVL,SIAVR,5
RIVL,SMDDR,8
RIVL,vBWMR5,6
RIVL,vBWMR6,3
RIVL,vBWMR7,18
RMDL,IL1L,1
RMDL,RIAL,20
RMDL,RIML,3
RMDL,RIVL,1
RMDL,RMDVL,2
RMDL,RMHL,3
RMDL,dBWML3,1
RMDL,dBWML5,2
RMDL,vBWML1,4
RMDL,ADER,3
RMDL,AVKR,1
RMDL,IL1R,1
RMDL,OLLR,3
RMDL,RIAR,22
RMDL,RIBR,1
RMDL,RMDR,8
RMDL,RMDDR,7
RMDL,RMDVR,3
RMDL,RMFR,1
RMDL,SIBVR,3
RMDL,SMBVR,2
RMDL,SMDDR,1
RMDL,URXR,1
RMDL,dBWMR3,4
RMDL,dBWMR4,6
RMDL,vBWMR4,8
RMDL,vBWMR8,1
RMDDL,CEPVL,2
RMDDL,RIAL,1
RMDDL,RMDVL,1
RMDDL,RMHL,1
RMDDL,vBWML1,1
RMDDL,AVER,1
RMDDL,IL1R,9
RMDDL,IL1DR,2
RMDDL,RMDVR,22
RMDDL,dBWMR1,8
RMDDL,dBWMR2,4
RMDDL,dBWMR3,8
RMDDL,dBWMR4,12
RMDDL,dBWMR5,13
RMDDL,dBWMR6,2
RMDVL,CEPDL,2
RMDVL,AVER,2
RMDVL,IL1R,2
RMDVL,IL2VR,1
RMDVL,OLQVR,3
RMDVL,RMDR,2
RMDVL,RMDDR,41
RMDVL,RMDVR,1
RMDVL,SIAVR,2
RMDVL,SIBDR,1
RMDVL,URYVR,1
RMDVL,vBWMR2,20
RMDVL,vBWMR3,11
RMDVL,vBWMR4,31
RMDVL,vBWMR6,18
RMDVL,vBWMR7,3
RMEL,IL1R,2
RMEL,OLLR,1
RMEL,RIPR,1
RMEL,dBWMR3,22
RMEL,dBWMR5,7
RMEL,vBWMR4,9
RMFL,AVKL,9
RMFL,BAGL,1
RMFL,RMHL,2
RMFL,SMDVL,1
RMFL,AVKR,14
RMFL,RIBR,1
RMFL,RIMR,2
RMFL,RMDR,13
RMFL,SAAVR,1
RMGL,ADAL,4
RMGL,ADLL,1
RMGL,AIML,3
RMGL,ASHL,1
RMGL,AVAL,3
RMGL,AVEL,2
RMGL,CEPDL,1
RMGL,PVPL,1
RMGL,RIFL,1
RMGL,RMDL,2
RMGL,RMDVL,15
RMGL,RMHL,1
RMGL,SAADL,1
RMGL,SIADL,2
RMGL,SIAVL,4
RMGL,SIBVL,4
RMGL,SMBVL,2
RMGL,SMDDL,1
RMGL,URXL,3
RMGL,dBWML4,7
RMGL,dBWML5,1
RMGL,vBWML5,2
RMGL,AIBR,2
RMGL,AVBR,3
RMGL,AVFR,1
RMGL,RMDR,16
RMGL,RMDDR,1
RMGL,RMHR,4
RMGL,SIADR,2
RMGL,SIBDR,1
RMGL,SIBVR,4
RMGL,SMDDR,2
RMHL,RICL,1
RMHL,RMDDL,2
RMHL,SAAVL,1
RMHL,AVAR,1
RMHL,IL1R,2
RMHL,RICR,1
RMHL,RMDR,1
RMHL,URXR,1
RMHL,dBWMR3,7
RMHL,dBWMR4,2
RMHL,dBWMR5,2
SAADL,AIBL,1
SAADL,AVAL,17
SAADL,RIGL,1
SAADL,RIML,11
SAADL,OLLR,4
SAADL,RIMR,16
SAADL,RIVR,1
SAADL,RMDVR,1
SAADL,RMFR,1
SAADL,SIBVR,1
SAADL,dBWMR3,7
SAADL,dBWMR4,3
SAADL,dBWMR6,2
SAAVL,AIBL,1
SAAVL,AVAL,56
SAAVL,RIML,5
SAAVL,SMDVL,1
SAAVL,vBWML9,1
SAAVL,OLLR,1
SAAVL,RIMR,33
SAAVL,RMFR,11
SAAVL,SMBDR,2
SAAVL,SMDDR,18
SAAVL,vBWMR3,7
SAAVL,vBWMR4,3
SAAVL,vBWMR6,2
SABVL,vBWML1,15
SABVL,vBWML3,67
SABVL,vBWML4,63
SABVL,vBWML6,20
SABVL,RIGR,1
SDQL,ALML,1
SDQL,AVAL,6
SDQL,AVBL,1
SDQL,AVDL,3
SDQL,AVEL,1
SDQL,FLPL,2
SDQL,PVCL,1
SDQL,RMFL,3
SDQL,SIBVL,1
SDQL,AIBR,2
SDQL,AVAR,8
SDQL,AVBR,2
SDQL,RICR,3
SDQL,RIPR,1
SDQL,SAADR,2
SDQL,SIADR,2
SDQL,SMBDR,11
SIADL,RMDL,4
SIADL,SIBDL,4
SIADL,SMBDL,18
SIADL,SMDDL,17
SIADL,ALNR,4
SIADL,AVFR,1
SIADL,SDQR,4
SIADL,dBWMR10,8
SIADL,dBWMR11,8
SIADL,dBWMR12,8
SIADL,dBWMR13,8
SIADL,dBWMR14,8
SIADL,dBWMR15,8
SIADL,dBWMR16,3
SIADL,dBWMR5,8
SIADL,dBWMR6,3
SIADL,dBWMR7,8
SIADL,dBWMR8,12
SIADL,dBWMR9,8
SIAVL,ADEL,1
SIAVL,IL2L,1
SIAVL,PLNL,10
SIAVL,SMBVL,2
SIAVL,vBWML10,4
SIAVL,vBWML11,4
SIAVL,vBWML12,4
SIAVL,vBWML13,4
SIAVL,vBWML14,4
SIAVL,vBWML15,4
SIAVL,vBWML16,1
SIAVL,vBWML5,4
SIAVL,vBWML6,1
SIAVL,vBWML7,4
SIAVL,vBWML8,5
SIAVL,vBWML9,4
SIAVL,SIBVR,2
SIAVL,SMDVR,10
SIBDL,SIADL,2
SIBDL,dBWMR10,3
SIBDL,dBWMR11,3
SIBDL,dBWMR12,3
SIBDL,dBWMR13,3
SIBDL,dBWMR14,3
SIBDL,dBWMR15,3
SIBDL,dBWMR16,1
SIBDL,dBWMR5,3
SIBDL,dBWMR6,1
SIBDL,dBWMR7,3
SIBDL,dBWMR8,4
SIBDL,dBWMR9,3
SIBVL,PVPL,1
SIBVL,vBWML2,1
SIBVL,ALNR,1
SIBVL,SIAVR,5
SIBVL,SMBDR,1
SIBVL,vBWMR10,10
SIBVL,vBWMR11,10
SIBVL,vBWMR12,10
SIBVL,vBWMR13,10
SIBVL,vBWMR14,10
SIBVL,vBWMR15,10
SIBVL,vBWMR16,4
SIBVL,vBWMR5,10
SIBVL,vBWMR6,3
SIBVL,vBWMR7,10
SIBVL,vBWMR8,13
SIBVL,vBWMR9,10
SMBDL,AIZL,1
SMBDL,SIADL,19
SMBDL,SIAVL,3
SMBDL,SMBVL,2
SMBDL,SMDDL,7
SMBDL,ALNR,1
SMBDL,SAAVR,9
SMBDL,SDQR,18
SMBDL,dBWMR1,4
SMBDL,dBWMR10,9
SMBDL,dBWMR11,9
SMBDL,dBWMR12,9
SMBDL,dBWMR13,9
SMBDL,dBWMR14,9
SMBDL,dBWMR15,9
SMBDL,dBWMR16,3
SMBDL,dBWMR2,11
SMBDL,dBWMR3,6
SMBDL,dBWMR4,9
SMBDL,dBWMR5,9
SMBDL,dBWMR6,10
SMBDL,dBWMR7,9
SMBDL,dBWMR8,12
SMBDL,dBWMR9,9
SMBVL,AIML,1
SMBVL,AVFL,1
SMBVL,PLNL,5
SMBVL,PVPL,1
SMBVL,SAADL,16
SMBVL,SIAVL,1
SMBVL,SMBDL,2
SMBVL,vBWML1,3
SMBVL,vBWML10,2
SMBVL,vBWML11,2
SMBVL,vBWML12,2
SMBVL,vBWML13,2
SMBVL,vBWML14,2
SMBVL,vBWML15,2
SMBVL,vBWML16,1
SMBVL,vBWML2,8
SMBVL,vBWML3,5
SMBVL,vBWML4,6
SMBVL,vBWML5,5
SMBVL,vBWML6,17
SMBVL,vBWML7,9
SMBVL,vBWML8,2
SMBVL,vBWML9,2
SMBVL,AVBR,1
SMBVL,AVHR,1
SMBVL,AVJR,1
SMBVL,RMDVR,1
SMDDL,AVEL,1
SMDDL,RIAL,9
SMDDL,RIML,2
SMDDL,RMDL,3
SMDDL,SIADL,14
SMDDL,SIBDL,14
SMDDL,SMBDL,3
SMDDL,SMDVL,2
SMDDL,URYDL,1
SMDDL,dBWML1,4
SMDDL,dBWML2,3
SMDDL,dBWML6,2
SMDDL,dBWML7,1
SMDDL,vBWML2,7
SMDDL,vBWML3,7
SMDDL,AVER,1
SMDDL,RIAR,14
SMDDL,RIMR,1
SMDDL,RIVR,1
SMDDL,RMDR,1
SMDDL,SAAVR,1
SMDDL,SMDDR,1
SMDDL,SMDVR,17
SMDDL,dBWMR1,3
SMDDL,dBWMR10,6
SMDDL,dBWMR11,6
SMDDL,dBWMR12,6
SMDDL,dBWMR13,6
SMDDL,dBWMR14,6
SMDDL,dBWMR15,6
SMDDL,dBWMR16,2
SMDDL,dBWMR4,1
SMDDL,dBWMR5,6
SMDDL,dBWMR6,2
SMDDL,dBWMR7,6
SMDDL,dBWMR8,8
SMDDL,dBWMR9,6
SMDVL,ALNL,2
SMDVL,IL2L,1
SMDVL,PLNL,6
SMDVL,RIAL,19
SMDVL,RIVL,6
SMDVL,SIBVL,30
SMDVL,dBWML1,3
SMDVL,dBWML2,3
SMDVL,ALNR,6
SMDVL,CEPVR,1
SMDVL,RIAR,31
SMDVL,RIBR,1
SMDVL,RMDDR,3
SMDVL,SIADR,1
SMDVL,SIAVR,30
SMDVL,SMDDR,22
SMDVL,SMDVR,2
SMDVL,vBWMR10,15
SMDVL,vBWMR11,15
SMDVL,vBWMR12,15
SMDVL,vBWMR13,15
SMDVL,vBWMR14,15
SMDVL,vBWMR15,15
SMDVL,vBWMR16,7
SMDVL,vBWMR2,7
SMDVL,vBWMR3,8
SMDVL,vBWMR5,15
SMDVL,vBWMR6,16
SMDVL,vBWMR7,15
SMDVL,vBWMR8,20
SMDVL,vBWMR9,15
URADL,IL1DL,4
URADL,RIPL,12
URADL,RMEL,8
URADL,dBWML1,2
URADL,dBWML2,7
URADL,dBWML6,11
URAVL,CEPVL,1
URAVL,IL1L,3
URAVL,IL1VL,6
URAVL,RIBL,1
URAVL,RIPL,15
URAVL,RMDDL,7
URAVL,RMEL,8
URAVL,vBWML1,20
URAVL,vBWML2,17
URAVL,vBWML3,5
URAVL,AVER,1
URAVL,RMDVR,1
URAVL,RMER,3
URBL,URBL,1
URBL,ADAL,3
URBL,AVBL,1
URBL,CEPDL,2
URBL,IL1L,10
URBL,OLLL,1
URBL,RICL,1
URBL,SIAVL,2
URBL,URXL,26
URBL,URYDL,1
URBL,RICR,1
URBL,RMDDR,2
URBL,RMHR,5
URBL,SIADR,2
URBL,SMBDR,3
URXL,URXL,3
URXL,ADAL,6
URXL,ADFL,1
URXL,AIML,2
URXL,AIZL,1
URXL,ASHL,1
URXL,ASIL,1
URXL,AUAL,14
URXL,AVAL,1
URXL,AVBL,4
URXL,AVEL,9
URXL,CEPDL,1
URXL,IL1DL,2
URXL,IL2L,1
URXL,OLQVL,2
URXL,RIAL,15
URXL,RICL,8
URXL,RIGL,6
URXL,RMGL,5
URXL,AVDR,1
URXL,AVJR,4
URXL,BAGR,2
URXL,HSNR,1
URYDL,AIZL,1
URYDL,AVEL,1
URYDL,IL1DL,3
URYDL,OLLL,3
URYDL,OLQDL,2
URYDL,RIBL,8
URYDL,RMDVL,18
URYDL,SMDDL,2
URYDL,AVER,9
URYDL,RMDDR,15
URYDL,SMDDR,3
URYVL,ADAL,1
URYVL,CEPVL,3
URYVL,CEPshVL,1
URYVL,IL1VL,1
URYVL,OLLL,9
URYVL,OLQVL,9
URYVL,RIAL,2
URYVL,RIBL,9
URYVL,RMDDL,23
URYVL,SIBVL,1
URYVL,URXL,2
URYVL,AVBR,1
URYVL,AVDR,2
URYVL,AVER,23
URYVL,AVJR,1
URYVL,RMDVR,17
URYVL,SIBVR,4
URYVL,SMDVR,13
ADAR,AIBL,1
ADAR,AVBL,8
ADAR,AVDL,2
ADAR,AVEL,1
ADAR,AVJL,13
ADAR,SMDVL,1
ADAR,AIBR,3
ADAR,ASHR,2
ADAR,AVAR,8
ADAR,AVBR,15
ADAR,AVDR,3
ADAR,RIFR,1
ADAR,RIMR,15
ADAR,RIPR,9
ADAR,RIVR,5
ADAR,URXR,2
ADAR,URYDR,2
ADER,ADEL,3
ADER,AVAL,9
ADER,FLPL,1
ADER,RIGL,12
ADER,RMDL,1
ADER,ADAR,1
ADER,ALNR,1
ADER,ASIR,1
ADER,AVAR,4
ADER,AVDR,5
ADER,AVER,4
ADER,AVJR,1
ADER,CEPDR,5
ADER,CEPVR,1
ADER,CEPshDR,1
ADER,FLPR,4
ADER,IL1R,1
ADER,IL2R,1
ADER,OLLR,3
ADER,RIAR,1
ADER,RIGR,11
ADER,RMDR,6
ADER,RMGR,5
ADER,SMDVR,1
ADER,URBR,1
ADER,URXR,2
ADER,dBWMR4,1
ADFR,ADFR,1
ADFR,AVHL,1
ADFR,BAGL,6
ADFR,ADAR,4
ADFR,AFDR,1
ADFR,AIYR,2
ADFR,AIZR,37
ADFR,ASHR,6
ADFR,AUAR,9
ADFR,AWAR,1
ADFR,AWBR,4
ADFR,AWCR,1
ADFR,OLQVR,1
ADFR,PVPR,1
ADFR,RIAR,61
ADFR,RIGR,24
ADFR,SMBDR,2
ADFR,SMBVR,19
ADFR,URXR,10
ADFR,URYVR,2
ADLR,ADLR,3
ADLR,AVBL,3
ADLR,AVDL,26
ADLR,AVJL,2
ADLR,PVCL,3
ADLR,RICL,1
ADLR,SIBVL,2
ADLR,ADAR,1
ADLR,AIAR,22
ADLR,AIBR,27
ADLR,ASER,2
ADLR,ASHR,4
ADLR,AVAR,8
ADLR,AVBR,7
ADLR,AVDR,3
ADLR,AVJR,3
ADLR,AWCR,7
ADLR,CEPVR,1
ADLR,OLLR,1
ADLR,OLQVR,1
ADLR,RICR,5
ADLR,RIFR,2
ADLR,RIPR,2
ADLR,SMBVR,5
ADLR,URBR,6
ADLR,URXR,8
AFDR,AFDL,1
AFDR,ASEL,1
AFDR,AIYR,29
AFDR,ASER,4
AIAR,AIAR,1
AIAR,AWCL,6
AIAR,ADAR,4
AIAR,ADLR,10
AIAR,AIBR,33
AIAR,AIZR,2
AIAR,ASER,5
AIAR,ASGR,5
AIAR,ASIR,2
AIAR,ASKR,1
AIAR,AWAR,4
AIAR,AWCR,6
AIAR,RIFR,10
AIBR,AUAL,1
AIBR,AVEL,4
AIBR,RIAL,2
AIBR,RIBL,11
AIBR,RIGL,1
AIBR,RIML,47
AIBR,RMFL,1
AIBR,SAADL,2
AIBR,SIADL,1
AIBR,SIBDL,1
AIBR,SMDDL,17
AIBR,SMDVL,7
AIBR,ADLR,1
AIBR,AIAR,1
AIBR,AIYR,1
AIBR,AVAR,2
AIBR,AVBR,13
AIBR,AWCR,1
AIBR,RICR,1
AIBR,RIMR,5
AIBR,SAADR,2
AIBR,SAAVR,1
AIBR,SIBDR,1
AIMR,AIMR,1
AIMR,AVFL,3
AIMR,HSNL,3
AIMR,ADFR,2
AIMR,AIAR,10
AIMR,ASGR,6
AIMR,ASJR,4
AIMR,ASKR,4
AIMR,AVAR,1
AIMR,AVDR,2
AIMR,AVFR,4
AIMR,AVHR,2
AIMR,AVJR,1
AIMR,BDUR,2
AIMR,CEPVR,1
AIMR,HSNR,3
AIMR,OLQDR,1
AIMR,PVNR,1
AIMR,RIFR,3
AIMR,RMDR,1
AIMR,RMGR,4
AIMR,URXR,5
AINR,AINR,1
AINR,AFDL,9
AINR,AIAL,2
AINR,AIBL,2
AINR,AINL,1
AINR,ASEL,1
AINR,ASGL,1
AINR,AUAL,1
AINR,AWCL,2
AINR,CEPDL,2
AINR,CEPshDL,4
AINR,RIBL,8
AINR,URXL,2
AINR,AFDR,3
AINR,ASER,3
AINR,AUAR,2
AINR,BAGR,9
AINR,URXR,2
AIYR,AINL,1
AIYR,AIYL,7
AIYR,ASEL,2
AIYR,ADFR,1
AIYR,AFDR,1
AIYR,AIZR,70
AIYR,ASER,4
AIYR,ASGR,2
AIYR,AWAR,1
AIYR,AWBR,1
AIYR,BAGR,1
AIYR,RIAR,50
AIYR,RIBR,60
AIYR,RIVR,1
AIZR,AIBL,50
AIZR,AVEL,28
AIZR,ADFR,1
AIZR,AIAR,5
AIZR,AIBR,3
AIZR,ASER,2
AIZR,AVER,1
AIZR,AWAR,1
AIZR,AWCR,2
AIZR,RIAR,25
AIZR,RIMR,34
AIZR,SIADR,1
AIZR,SMBDR,17
AIZR,SMBVR,10
AIZR,SMDDR,4
ALMR,RMDDL,1
ALMR,SIADL,1
ALMR,SMDDL,1
ALMR,BDUR,14
ALMR,CEPDR,1
ALMR,CEPVR,3
ALMR,PVCR,10
ALMR,URBR,1
ALNR,AVAL,6
ALNR,RIML,5
ALNR,SMBDL,4
ALNR,SMDVL,2
ALNR,ADER,1
ALNR,SAAVR,6
ALNR,SMDDR,1
ASER,ADLL,4
ASER,AFDL,2
ASER,AIAL,8
ASER,AIBL,4
ASER,AIYL,9
ASER,AIZL,1
ASER,ASEL,3
ASER,ASKL,1
ASER,AWCL,1
ASER,ADLR,1
ASER,AFDR,3
ASER,AIAR,4
ASER,AIBR,32
ASER,AIYR,38
ASER,ASHR,2
ASER,AWAR,1
ASER,AWCR,1
ASGR,AIAR,51
ASGR,AIBR,20
ASGR,AIYR,1
ASGR,ASER,3
ASHR,ASHR,2
ASHR,AVDL,27
ASHR,AVHL,1
ASHR,AWBL,1
ASHR,HSNL,4
ASHR,PVCL,3
ASHR,ADAR,5
ASHR,ADFR,3
ASHR,ADLR,13
ASHR,AIAR,28
ASHR,AIBR,7
ASHR,AVAR,10
ASHR,AVBR,6
ASHR,AVDR,2
ASHR,AVER,7
ASHR,AWAR,1
ASHR,HSNR,5
ASHR,PVPR,1
ASHR,RIAR,3
ASHR,RMGR,6
ASHR,SMBVR,7
ASIR,AIAL,1
ASIR,ASEL,2
ASIR,AWCL,2
ASIR,ADLR,1
ASIR,AIAR,4
ASIR,AIBR,3
ASIR,ASER,2
ASIR,ASGR,3
ASIR,ASHR,2
ASIR,AWAR,1
ASIR,AWCR,5
ASIR,CEPVR,1
ASIR,CEPshVR,4
ASJR,ASKR,12
ASJR,HSNR,1
ASJR,PVQR,19
ASKR,AIAL,1
ASKR,HSNL,1
ASKR,ADLR,3
ASKR,AIAR,35
ASKR,AIBR,2
ASKR,AIMR,5
ASKR,ASER,1
ASKR,ASGR,1
ASKR,AWAR,2
ASKR,CEPVR,2
ASKR,RIFR,1
AUAR,AINL,1
AUAR,BAGL,1
AUAR,AINR,1
AUAR,AIYR,1
AUAR,AIZR,2
AUAR,AVAR,3
AUAR,AVER,13
AUAR,RIAR,22
AUAR,RIBR,31
AUAR,URXR,5
AVAR,AVAL,7
AVAR,AVBL,3
AVAR,AVDL,3
AVAR,AVEL,2
AVAR,LUAL,4
AVAR,PDEL,3
AVAR,PVCL,20
AVAR,RIGL,1
AVAR,AVBR,4
AVAR,AVDR,6
AVAR,AVER,3
AVAR,LUAR,16
AVAR,PDER,3
AVAR,PVCR,20
AVAR,SAAVR,6
AVAR,SABVR,2
AVAR,SMDVR,1
AVBR,AVAL,10
AVBR,AVBL,2
AVBR,AVDL,4
AVBR,AVJL,2
AVBR,vBWML16,1
AVBR,AIBR,1
AVBR,AVAR,14
AVBR,AVER,2
AVBR,HSNR,1
AVBR,vBWMR16,1
AVDR,AVAL,41
AVDR,AVBL,1
AVDR,AVDL,3
AVDR,LUAL,3
AVDR,SABVL,5
AVDR,AVAR,52
AVDR,AVER,2
AVDR,AVJR,1
AVDR,PVCR,2
AVDR,SABVR,1
AVER,AVAL,14
AVER,AVDL,4
AVER,AVEL,3
AVER,CEPDL,1
AVER,OLLL,1
AVER,SABVL,12
AVER,AIZR,1
AVER,AVAR,33
AVER,AVDR,4
AVER,RIMR,1
AVER,RMGR,1
AVER,SABVR,11
AVER,URXR,1
AVFR,AIAL,1
AVFR,AIML,1
AVFR,AVAL,1
AVFR,AVBL,6
AVFR,AVFL,7
AVFR,AVHL,3
AVFR,AVJL,5
AVFR,HSNL,4
AVFR,PVDL,1
AVFR,PVQL,2
AVFR,RMDDL,1
AVFR,RMGL,1
AVFR,vBWML11,1
AVFR,vBWML12,1
AVFR,ASHR,1
AVFR,AVBR,6
AVFR,AVHR,3
AVFR,AVJR,1
AVFR,HSNR,3
AVFR,PVCR,1
AVFR,PVPR,1
AVFR,vBWMR10,1
AVFR,vBWMR14,2
AVHR,AVAL,1
AVHR,AVBL,3
AVHR,AVFL,2
AVHR,AVHL,1
AVHR,AWBL,1
AVHR,PVPL,9
AVHR,RIGL,1
AVHR,SMBDL,3
AVHR,SMBVL,1
AVHR,ADLR,3
AVHR,ASKR,1
AVHR,AVBR,1
AVHR,AVDR,1
AVHR,AVFR,2
AVHR,AVJR,5
AVHR,vBWMR9,1
AVJR,ALML,3
AVJR,AVAL,4
AVJR,AVBL,10
AVJR,AVDL,1
AVJR,AVJL,1
AVJR,PVCL,5
AVJR,SABVL,3
AVJR,AVAR,5
AVJR,AVBR,2
AVJR,AVDR,7
AVJR,AVER,3
AVJR,AVFR,1
AVJR,FLPR,2
AVJR,PVCR,7
AVJR,PVQR,1
AVKR,AVKL,3
AVKR,BDUL,3
AVKR,PVPL,1
AVKR,PVQL,1
AVKR,RIGL,1
AVKR,RIML,5
AVKR,RMDL,1
AVKR,RMFL,2
AVKR,RMGL,2
AVKR,SAADL,2
AVKR,SIADL,3
AVKR,SMBDL,3
AVKR,vBWML11,1
AVKR,vBWML9,2
AVKR,RIMR,3
AVKR,RMDR,2
AVKR,RMHR,1
AVKR,SMDDR,3
AVKR,SMDVR,1
AVKR,vBWMR9,1
AWAR,ASIL,2
AWAR,ADFR,9
AWAR,AFDR,23
AWAR,AIAR,3
AWAR,AIYR,8
AWAR,AIZR,25
AWAR,ASER,5
AWAR,ASGR,1
AWAR,AUAR,1
AWAR,AWBR,3
AWAR,RIFR,5
AWAR,RIGR,6
AWBR,HSNL,2
AWBR,ADFR,7
AWBR,AIMR,1
AWBR,AIYR,1
AWBR,AIZR,8
AWBR,ASER,1
AWBR,ASGR,1
AWBR,ASHR,2
AWBR,AVBR,2
AWBR,HSNR,2
AWBR,OLQVR,1
AWBR,RIAR,3
AWBR,RIFR,1
AWBR,URYVR,1
AWCR,AIAL,1
AWCR,AIBL,3
AWCR,AIYL,12
AWCR,ASEL,8
AWCR,ASIL,2
AWCR,AWCL,17
AWCR,IL2L,2
AWCR,RIAL,3
AWCR,RIVL,3
AWCR,ADFR,1
AWCR,AIAR,8
AWCR,AIBR,18
AWCR,AIYR,22
AWCR,ASER,5
AWCR,ASGR,3
AWCR,ASHR,1
AWCR,ASIR,2
BAGR,AIYL,3
BAGR,AVAL,4
BAGR,AVEL,8
BAGR,BAGL,3
BAGR,OLQVL,2
BAGR,RIAL,18
BAGR,RIBL,22
BAGR,RIGL,10
BAGR,SMDVL,1
BAGR,RIBR,1
BDUR,AVAL,7
BDUR,AVHL,2
BDUR,AVJL,5
BDUR,PVCL,3
BDUR,PVNL,11
BDUR,SDQL,2
BDUR,ADER,4
BDUR,ALMR,4
BDUR,AVBR,1
BDUR,CEPVR,1
BDUR,HSNR,8
BDUR,PVNR,5
BDUR,URADR,3
BDUR,dBWMR6,1
CEPDR,CEPDR,6
CEPDR,AVEL,9
CEPDR,RICL,13
CEPDR,RMHL,7
CEPDR,SMBDL,1
CEPDR,BDUR,5
CEPDR,IL1R,1
CEPDR,IL1DR,15
CEPDR,OLLR,13
CEPDR,OLQDR,20
CEPDR,RIBR,3
CEPDR,RICR,19
CEPDR,RIFR,2
CEPDR,RMDR,1
CEPDR,RMDVR,3
CEPDR,RMGR,1
CEPDR,RMHR,1
CEPDR,SIBVR,1
CEPDR,URADR,3
CEPDR,URBR,14
CEPDR,URXR,2
CEPDR,URYDR,3
CEPDR,dBWMR3,5
CEPDR,dBWMR5,2
CEPVR,AVEL,13
CEPVR,RIAL,1
CEPVR,RICL,13
CEPVR,RIVL,2
CEPVR,ADLR,3
CEPVR,ASGR,2
CEPVR,CEPDR,1
CEPVR,CEPshVR,2
CEPVR,IL1VR,8
CEPVR,IL2VR,3
CEPVR,OLLR,14
CEPVR,OLQVR,11
CEPVR,RIAR,1
CEPVR,RICR,12
CEPVR,RIPR,3
CEPVR,RMDDR,4
CEPVR,RMHR,15
CEPVR,SIAVR,7
CEPVR,SMBVR,2
CEPVR,SMDDR,2
CEPVR,URAVR,3
CEPVR,URYVR,2
CEPVR,vBWMR3,1
CEPVR,vBWMR5,2
CEPVR,vBWMR8,2
FLPR,ADAL,1
FLPR,AVAL,23
FLPR,AVBL,30
FLPR,AVDL,25
FLPR,AVEL,21
FLPR,AVJL,2
FLPR,FLPL,14
FLPR,PVCL,2
FLPR,ADAR,1
FLPR,ADER,6
FLPR,AVAR,10
FLPR,AVBR,11
FLPR,AVDR,8
FLPR,AVER,7
FLPR,AVJR,2
HSNR,AIAL,3
HSNR,AIBL,2
HSNR,AIZL,3
HSNR,ASHL,4
HSNR,AVEL,1
HSNR,AVFL,4
HSNR,AVHL,2
HSNR,AVJL,3
HSNR,AWBL,2
HSNR,HSNL,1
HSNR,RIML,1
HSNR,vm2AL,6
HSNR,vm2PL,6
HSNR,AIZR,1
HSNR,AVDR,1
HSNR,AVER,1
HSNR,AVFR,2
HSNR,AVHR,2
HSNR,BDUR,2
HSNR,PVNR,2
HSNR,PVPR,1
HSNR,PVQR,1
HSNR,RIFR,6
HSNR,RIMR,1
HSNR,RMDDR,1
HSNR,RMGR,1
HSNR,SABVR,1
HSNR,vBWMR10,4
HSNR,vBWMR15,1
HSNR,vBWMR16,2
HSNR,vBWMR9,1
HSNR,vm2AR,6
HSNR,vm2PR,6
I1R,M2L,1
I1R,M3L,1
I1R,MCL,3
I1R,NSML,1
I1R,I2R,6
I1R,M2R,3
I1R,M3R,6
I1R,MCR,4
I1R,NSMR,2
I1R,pm3VR,5
I1R,pm4VR,2
I1R,pm5VR,1
I2R,I2L,3
I2R,MCL,1
I2R,NSML,34
I2R,pm4VL,1
I2R,pm5VL,1
I2R,I1R,1
I2R,M2R,2
I2R,M3R,2
I2R,NSMR,7
I2R,e3VR,1
I2R,pm3VR,1
I2R,pm5VR,4
IL1R,AVEL,2
IL1R,RMDL,11
IL1R,RMDDL,8
IL1R,RMDVL,8
IL1R,RMEL,5
IL1R,RMHL,3
IL1R,AVER,5
IL1R,OLLR,1
IL1R,RMDR,4
IL1R,RMDDR,12
IL1R,RMDVR,17
IL1R,URXR,1
IL1R,dBWMR3,16
IL1R,dBWMR4,3
IL1R,dBWMR5,13
IL1R,vBWMR4,19
IL1DR,IL1DR,1
IL1DR,RMDDL,11
IL1DR,IL1R,2
IL1DR,IL2DR,5
IL1DR,OLLR,1
IL1DR,RIPR,28
IL1DR,RMDVR,32
IL1DR,URADR,8
IL1DR,URYDR,2
IL1DR,dBWMR1,14
IL1DR,dBWMR2,6
IL1DR,dBWMR3,12
IL1VR,RMDVL,5
IL1VR,IL1R,4
IL1VR,IL2VR,2
IL1VR,OLLR,1
IL1VR,OLQVR,5
IL1VR,RIPR,16
IL1VR,RMDDR,40
IL1VR,URAVR,4
IL1VR,vBWMR2,16
IL1VR,vBWMR4,24
IL2R,RMDL,3
IL2R,RMEL,5
IL2R,ADER,5
IL2R,AVER,2
IL2R,IL1R,2
IL2R,OLLR,5
IL2R,OLQDR,10
IL2R,OLQVR,26
IL2R,RMGR,1
IL2R,URADR,2
IL2R,URAVR,1
IL2R,URBR,3
IL2R,URXR,1
IL2DR,RICL,1
IL2DR,RIPL,1
IL2DR,RMEL,12
IL2DR,CEPDR,2
IL2DR,IL1DR,28
IL2DR,OLQDR,2
IL2DR,RICR,2
IL2DR,RIPR,43
IL2DR,RMER,11
IL2DR,URADR,5
IL2VR,AVAL,1
IL2VR,RMEL,8
IL2VR,ADLR,1
IL2VR,CEPshVR,2
IL2VR,IL1VR,29
IL2VR,OLQVR,9
IL2VR,RIAR,2
IL2VR,RIPR,43
IL2VR,RMER,17
IL2VR,SIADR,1
IL2VR,URAVR,16
IL2VR,URXR,1
LUAR,AVAL,13
LUAR,AVDL,5
LUAR,PVNL,1
LUAR,PVWL,3
LUAR,AVAR,31
LUAR,AVDR,14
LUAR,AVJR,4
LUAR,PVCR,9
LUAR,PVWR,2
M2R,M3L,2
M2R,M3R,1
M2R,NSMR,1
M2R,g1AR,3
M2R,pm4VR,3
M2R,pm5VR,12
M3R,g1AR,3
M3R,pm4VR,1
MCR,mc2DL,6
MCR,mc2DR,4
NSMR,I2L,1
NSMR,pm5VL,1
NSMR,I2R,1
NSMR,M3R,24
NSMR,pm5VR,53
OLLR,OLLR,4
OLLR,AVEL,39
OLLR,RMDL,9
OLLR,SMDDL,3
OLLR,SMDVL,11
OLLR,ADER,2
OLLR,CEPDR,4
OLLR,CEPVR,16
OLLR,IL1DR,1
OLLR,IL1VR,2
OLLR,IL2R,1
OLLR,OLQDR,1
OLLR,RIBR,21
OLLR,RMDR,2
OLLR,RMDDR,26
OLLR,RMDVR,6
OLLR,RMER,3
OLLR,SMDDR,1
OLLR,SMDVR,4
OLQDR,RICL,2
OLQDR,RMDDL,11
OLQDR,IL1DR,1
OLQDR,RICR,2
OLQDR,RMER,1
OLQDR,RMHR,3
OLQDR,SIBVR,6
OLQVR,RMDVL,18
OLQVR,IL1VR,2
OLQVR,RICR,3
OLQVR,RIPR,18
OLQVR,RMER,2
OLQVR,RMHR,1
OLQVR,SIBDR,18
PDER,AVKL,16
PDER,PVCL,1
PDER,PVCR,1
PHAR,PHAL,11
PHAR,PHBL,3
PHAR,PVPL,3
PHAR,PVQL,4
PHAR,AVDR,2
PHAR,AVHR,1
PHAR,PHBR,8
PHAR,PVQR,1
PHBR,AVAL,35
PHBR,AVDL,7
PHBR,PHBL,3
PHBR,PHCL,1
PHBR,PVCL,39
PHBR,AVAR,38
PHBR,AVDR,5
PHBR,PHCR,3
PHBR,PVCR,21
PHCR,PHCL,4
PHCR,AVHR,2
PHCR,LUAR,6
PHCR,PHAR,2
PHCR,PVCR,25
PHCR,PVQR,4
PLMR,AVAL,3
PLMR,AVDL,8
PLMR,PDEL,18
PLMR,AVAR,5
PLMR,AVDR,5
PLMR,PDER,10
PLNR,RMDVL,1
PLNR,SAAVL,1
PLNR,SMDVL,2
PLNR,SAADR,8
PLNR,SIAVR,10
PLNR,SMBVR,10
PVCR,AVAL,10
PVCR,AVBL,21
PVCR,AVDL,16
PVCR,AVEL,6
PVCR,AVHL,1
PVCR,FLPL,2
PVCR,PDEL,1
PVCR,PVCL,5
PVCR,PVDL,2
PVCR,AVAR,5
PVCR,AVBR,14
PVCR,AVDR,6
PVCR,AVER,6
PVCR,LUAR,1
PVCR,PVDR,1
PVCR,PVPR,1
PVCR,PVWR,1
PVCR,SIBVR,10
PVDR,AVAL,9
PVDR,AVDL,1
PVDR,PVCL,29
PVDR,PVDL,2
PVDR,AVAR,30
PVDR,PVCR,29
PVNR,PVNR,1
PVNR,ALML,2
PVNR,AVAL,5
PVNR,AVDL,1
PVNR,AVEL,5
PVNR,AVJL,1
PVNR,BDUL,1
PVNR,CEPDL,2
PVNR,PVWL,9
PVNR,URBL,2
PVNR,URXL,2
PVNR,vBWML21,3
PVNR,AVBR,1
PVNR,AVDR,2
PVNR,AVJR,1
PVNR,HSNR,1
PVNR,PVCR,2
PVNR,PVDR,5
PVNR,PVWR,2
PVNR,vBWMR20,1
PVNR,vBWMR21,1
PVPR,AVAL,1
PVPR,AVBL,8
PVPR,AVHL,3
PVPR,AVJL,2
PVPR,PVCL,6
PVPR,ADFR,2
PVPR,ASHR,2
PVPR,AVAR,5
PVPR,AVBR,11
PVPR,HSNR,2
PVPR,PVCR,13
PVPR,PVQR,1
PVPR,RIAR,2
PVPR,RIGR,2
PVPR,RIMR,1
PVPR,URXR,1
PVPR,vBWMR10,1
PVPR,vBWMR11,1
PVQR,AIAL,1
PVQR,ASJL,1
PVQR,AIAR,12
PVQR,AIMR,2
PVQR,ASER,2
PVQR,ASKR,6
PVQR,AVBR,1
PVQR,AVFR,1
PVQR,AWAR,4
PVQR,CEPshVR,1
PVQR,RIFR,4
PVQR,RMGR,1
PVWR,AVAR,1
PVWR,AVDR,2
PVWR,LUAR,1
PVWR,PVCR,1
RIAR,RIAR,3
RIAR,CEPVL,1
RIAR,RIAL,38
RIAR,RIVL,3
RIAR,RMDL,9
RIAR,RMDDL,48
RIAR,RMDVL,57
RIAR,SIAVL,7
RIAR,SMDDL,32
RIAR,SMDVL,43
RIAR,vBWML6,2
RIAR,ADFR,2
RIAR,AUAR,2
RIAR,AVAR,2
RIAR,CEPVR,1
RIAR,IL1R,2
RIAR,RIBR,1
RIAR,RIVR,3
RIAR,RMDR,35
RIAR,RMDDR,53
RIAR,RMDVR,47
RIAR,SAADR,1
RIAR,SIADR,4
RIAR,SMBDR,2
RIAR,SMBVR,2
RIAR,SMDDR,26
RIAR,SMDVR,26
RIBR,AIBL,3
RIBR,AINL,1
RIBR,AVBL,2
RIBR,AVEL,6
RIBR,BAGL,8
RIBR,SMDDL,2
RIBR,SMDVL,2
RIBR,AIZR,2
RIBR,AUAR,2
RIBR,AVAR,6
RIBR,AVER,4
RIBR,OLLR,1
RIBR,RIAR,8
RIBR,RIGR,5
RIBR,RMDVR,1
RIBR,SMDVR,2
RIBR,URYVR,2
RICR,AIBL,2
RICR,AIZL,6
RICR,AVAL,15
RICR,CEPDL,1
RICR,RICL,3
RICR,RIML,10
RICR,RIVL,1
RICR,RMFL,1
RICR,RMGL,1
RICR,SMDDL,9
RICR,SMDVL,6
RICR,ADAR,2
RICR,AIBR,2
RICR,AVAR,13
RICR,AVKR,1
RICR,CEPDR,1
RICR,RIMR,1
RICR,SMBDR,3
RICR,SMDDR,9
RICR,SMDVR,3
RICR,URBR,2
RIFR,AIZL,1
RIFR,AVBL,1
RIFR,AVFL,1
RIFR,AVJL,2
RIFR,HSNL,2
RIFR,PVCL,1
RIFR,RIFL,1
RIFR,ADLR,1
RIFR,ASHR,6
RIFR,AVBR,35
RIFR,AVJR,2
RIFR,AWBR,2
RIFR,CEPVR,2
RIFR,HSNR,3
RIFR,PVCR,1
RIFR,PVPR,6
RIFR,RIAR,1
RIFR,RIMR,10
RIFR,RIPR,2
RIFR,URXR,3
RIGR,AIBL,2
RIGR,AVDL,1
RIGR,AVKL,21
RIGR,BAGL,2
RIGR,RMHL,17
RIGR,AFDR,1
RIGR,AIZR,5
RIGR,ALNR,3
RIGR,AVER,4
RIGR,AVKR,5
RIGR,OLQVR,2
RIGR,RIAR,3
RIGR,RIBR,2
RIGR,URXR,3
RIGR,URYVR,2
RIMR,AIBL,15
RIMR,AVAL,9
RIMR,AVBL,9
RIMR,AVJL,4
RIMR,AVKL,1
RIMR,RIML,4
RIMR,RMDL,15
RIMR,RMFL,1
RIMR,SAAVL,11
RIMR,SMDDL,9
RIMR,SMDVL,2
RIMR,dBWML5,15
RIMR,vBWML4,5
RIMR,ADAR,9
RIMR,AVBR,12
RIMR,RIBR,4
RIMR,RMDR,12
RIMR,RMFR,7
RIMR,SAAVR,8
RIMR,SMDDR,14
RIMR,SMDVR,3
RIPR,ADFR,1
RIPR,AVBR,2
RIPR,BAGR,2
RIPR,IL1R,1
RIPR,OLQDR,3
RIPR,OLQVR,2
RIPR,URAVR,1
RIPR,URBR,1
RIPR,mc2DR,1
RIPR,pm3VR,6
RIVR,GLRVL,14
RIVR,RIAL,6
RIVR,RIVL,8
RIVR,RMDDL,1
RIVR,SAADL,12
RIVR,SIAVL,5
RIVR,SMBVL,1
RIVR,SMDDL,6
RIVR,vBWML3,2
RIVR,vBWML4,1
RIVR,vBWML7,9
RIVR,GLRVR,8
RIVR,RIAR,2
RIVR,RMDR,4
RIVR,RMDVR,1
RIVR,RMHR,2
RIVR,SMDVR,3
RIVR,dBWMR7,1
RIVR,vBWMR6,8
RIVR,vBWMR7,14
RMDR,IL1L,2
RMDR,RIAL,14
RMDR,RMDL,11
RMDR,RMDDL,6
RMDR,RMDVL,9
RMDR,RMGL,1
RMDR,SIAVL,1
RMDR,dBWML5,2
RMDR,vBWML4,2
RMDR,vBWML5,2
RMDR,AVKR,1
RMDR,OLLR,2
RMDR,RIAR,21
RMDR,RIMR,1
RMDR,SMDDR,1
RMDDR,RMDDL,1
RMDDR,RMDVL,26
RMDDR,dBWML1,2
RMDDR,dBWML2,12
RMDDR,dBWML3,1
RMDDR,dBWML4,17
RMDDR,dBWML6,3
RMDDR,vBWML1,2
RMDDR,RMDVR,3
RMDDR,dBWMR1,3
RMDDR,dBWMR2,7
RMDDR,dBWMR6,3
RMDDR,dBWMR7,3
RMDVR,RMDVR,2
RMDVR,GLRVL,1
RMDVR,IL1L,1
RMDVR,OLQVL,2
RMDVR,RMDDL,43
RMDVR,SIAVL,2
RMDVR,URAVL,8
RMDVR,dBWML3,5
RMDVR,vBWML1,21
RMDVR,vBWML2,15
RMDVR,vBWML3,8
RMDVR,vBWML4,19
RMDVR,vBWML5,8
RMDVR,vBWML6,5
RMDVR,vBWML7,2
RMDVR,AVAR,1
RMDVR,CEPDR,2
RMDVR,IL1DR,1
RMDVR,RIAR,1
RMDVR,SIBVR,1
RMDVR,SMBDR,1
RMDVR,vBWMR3,2
RMDVR,vBWMR6,2
RMDVR,vBWMR7,2
RMER,RMER,5
RMER,IL1L,4
RMER,dBWML3,45
RMER,dBWML4,4
RMER,vBWML1,14
RMER,vBWML4,7
RMER,RMHR,3
RMFR,AVKL,7
RMFR,RMDL,6
RMFR,AVKR,9
RMFR,RMDR,1
RMGR,AVAL,1
RMGR,AVBL,2
RMGR,AVDL,2
RMGR,AVJL,4
RMGR,RMDL,20
RMGR,RMDDL,1
RMGR,SAADL,3
RMGR,SIADL,1
RMGR,SIBDL,2
RMGR,ADAR,2
RMGR,ADER,2
RMGR,AIMR,2
RMGR,ALMR,1
RMGR,ALNR,4
RMGR,ASHR,1
RMGR,AVBR,3
RMGR,AVER,6
RMGR,IL2R,2
RMGR,OLLR,1
RMGR,RIGR,2
RMGR,RMDR,7
RMGR,RMDVR,23
RMGR,SAAVR,1
RMGR,SIAVR,2
RMGR,SMBVR,1
RMGR,URXR,3
RMGR,dBWMR5,3
RMGR,vBWMR8,2
RMHR,CEPVL,1
RMHR,RMDL,4
RMHR,RMGL,8
RMHR,RMHL,3
RMHR,SMDDL,3
RMHR,dBWML3,1
RMHR,dBWML4,7
RMHR,dBWML5,8
RMHR,vBWML1,3
RMHR,AIBR,3
RMHR,RMDR,1
RMHR,RMER,4
SAADR,AIBL,1
SAADR,AVAL,1
SAADR,OLLL,3
SAADR,RIML,14
SAADR,RMFL,5
SAADR,RMGL,1
SAADR,SMDVL,5
SAADR,dBWML3,7
SAADR,dBWML4,3
SAADR,dBWML6,2
SAADR,AIBR,1
SAADR,AVAR,26
SAADR,PLNR,1
SAADR,RIMR,23
SAADR,RMFR,1
SAADR,SMBDR,2
SAADR,SMBVR,1
SAAVR,SAAVR,1
SAAVR,AVBL,1
SAAVR,IL1DL,12
SAAVR,RIML,12
SAAVR,RIPL,12
SAAVR,SMBDL,1
SAAVR,SMDDL,17
SAAVR,vBWML3,7
SAAVR,vBWML4,3
SAAVR,vBWML6,2
SAAVR,AIBR,1
SAAVR,ALNR,1
SAAVR,ASIR,1
SAAVR,AVAR,39
SAAVR,RIAR,1
SAAVR,RIMR,7
SABVR,vBWMR1,15
SABVR,vBWMR3,67
SABVR,vBWMR4,63
SABVR,vBWMR6,20
SDQR,ADLL,1
SDQR,AIBL,8
SDQR,ALML,1
SDQR,AVAL,8
SDQR,AVBL,23
SDQR,RICL,1
SDQR,RMHL,15
SDQR,SDQL,4
SDQR,SIADL,2
SDQR,AVBR,19
SDQR,RICR,3
SDQR,RMHR,7
SDQR,vBWMR7,1
SIADR,ALML,1
SIADR,AVAL,1
SIADR,CEPDL,1
SIADR,SDQL,4
SIADR,dBWML10,8
SIADR,dBWML11,8
SIADR,dBWML12,8
SIADR,dBWML13,8
SIADR,dBWML14,8
SIADR,dBWML15,8
SIADR,dBWML16,3
SIADR,dBWML5,8
SIADR,dBWML6,3
SIADR,dBWML7,8
SIADR,dBWML8,12
SIADR,dBWML9,8
SIADR,IL1VR,1
SIADR,SIBDR,4
SIADR,SMBDR,17
SIADR,SMDDR,17
SIAVR,RMDL,1
SIAVR,SIBVL,2
SIAVR,PLNR,10
SIAVR,vBWMR10,4
SIAVR,vBWMR11,4
SIAVR,vBWMR12,4
SIAVR,vBWMR13,4
SIAVR,vBWMR14,4
SIAVR,vBWMR15,4
SIAVR,vBWMR16,1
SIAVR,vBWMR5,4
SIAVR,vBWMR6,1
SIAVR,vBWMR7,4
SIAVR,vBWMR8,5
SIAVR,vBWMR9,4
SIBDR,dBWML10,3
SIBDR,dBWML11,3
SIBDR,dBWML12,3
SIBDR,dBWML13,3
SIBDR,dBWML14,3
SIBDR,dBWML15,3
SIBDR,dBWML16,1
SIBDR,dBWML5,3
SIBDR,dBWML6,1
SIBDR,dBWML7,3
SIBDR,dBWML8,4
SIBDR,dBWML9,3
SIBDR,SIADR,2
SIBDR,SMDDR,10
SIBDR,dBWMR4,1
SIBVR,SIAVL,5
SIBVR,vBWML10,10
SIBVR,vBWML11,10
SIBVR,vBWML12,10
SIBVR,vBWML13,10
SIBVR,vBWML14,10
SIBVR,vBWML15,10
SIBVR,vBWML16,4
SIBVR,vBWML5,10
SIBVR,vBWML6,3
SIBVR,vBWML7,10
SIBVR,vBWML8,13
SIBVR,vBWML9,10
SIBVR,AVDR,1
SIBVR,dBWMR4,1
SMBDR,ALNL,5
SMBDR,AVAL,1
SMBDR,RIVL,1
SMBDR,SAAVL,8
SMBDR,SDQL,18
SMBDR,SMBDL,3
SMBDR,dBWML1,5
SMBDR,dBWML10,9
SMBDR,dBWML11,9
SMBDR,dBWML12,9
SMBDR,dBWML13,9
SMBDR,dBWML14,9
SMBDR,dBWML15,9
SMBDR,dBWML16,3
SMBDR,dBWML2,11
SMBDR,dBWML4,3
SMBDR,dBWML5,20
SMBDR,dBWML6,7
SMBDR,dBWML7,9
SMBDR,dBWML8,12
SMBDR,dBWML9,9
SMBDR,SIADR,20
SMBDR,SIAVR,1
SMBDR,SMDDR,4
SMBDR,dBWMR1,3
SMBDR,dBWMR2,3
SMBDR,dBWMR7,9
SMBVR,AVHL,2
SMBVR,RMDL,2
SMBVR,ADLR,2
SMBVR,CEPVR,8
SMBVR,PLNR,5
SMBVR,RIAR,1
SMBVR,RMDR,3
SMBVR,RMGR,3
SMBVR,SAADR,12
SMBVR,SIAVR,1
SMBVR,SMBDR,2
SMBVR,dBWMR4,1
SMBVR,vBWMR1,7
SMBVR,vBWMR10,2
SMBVR,vBWMR11,2
SMBVR,vBWMR12,2
SMBVR,vBWMR13,2
SMBVR,vBWMR14,2
SMBVR,vBWMR15,2
SMBVR,vBWMR16,1
SMBVR,vBWMR2,3
SMBVR,vBWMR3,10
SMBVR,vBWMR4,12
SMBVR,vBWMR5,2
SMBVR,vBWMR6,12
SMBVR,vBWMR7,12
SMBVR,vBWMR8,5
SMBVR,vBWMR9,2
SMDDR,ALNL,1
SMDDR,ASGL,1
SMDDR,ASJL,1
SMDDR,RIAL,5
SMDDR,RIBL,1
SMDDR,RIVL,1
SMDDR,SMDDL,4
SMDDR,SMDVL,5
SMDDR,dBWML10,6
SMDDR,dBWML11,6
SMDDR,dBWML12,6
SMDDR,dBWML13,6
SMDDR,dBWML14,6
SMDDR,dBWML15,6
SMDDR,dBWML16,2
SMDDR,dBWML2,3
SMDDR,dBWML5,11
SMDDR,dBWML6,4
SMDDR,dBWML7,6
SMDDR,dBWML8,8
SMDDR,dBWML9,6
SMDDR,vBWML2,3
SMDDR,AIZR,2
SMDDR,ALNR,2
SMDDR,AVER,1
SMDDR,RIAR,3
SMDDR,RIMR,3
SMDDR,RMDR,1
SMDDR,SIADR,14
SMDDR,SIBDR,14
SMDDR,SMBDR,3
SMDDR,vBWMR2,6
SMDDR,vBWMR6,2
SMDVR,CEPVL,1
SMDVR,PLNL,6
SMDVR,RIAL,24
SMDVR,RIML,1
SMDVR,RMDDL,3
SMDVR,SIAVL,30
SMDVR,SMDDL,14
SMDVR,SMDVL,1
SMDVR,vBWML10,15
SMDVR,vBWML11,15
SMDVR,vBWML12,15
SMDVR,vBWML13,15
SMDVR,vBWML14,15
SMDVR,vBWML15,15
SMDVR,vBWML16,7
SMDVR,vBWML2,9
SMDVR,vBWML3,9
SMDVR,vBWML4,5
SMDVR,vBWML5,19
SMDVR,vBWML6,14
SMDVR,vBWML7,15
SMDVR,vBWML8,19
SMDVR,vBWML9,15
SMDVR,AIBR,1
SMDVR,AVAR,1
SMDVR,AVER,1
SMDVR,RIAR,16
SMDVR,RIVR,1
SMDVR,SIBVR,30
URADR,CEPshDR,1
URADR,IL1DR,3
URADR,RIPR,16
URADR,RMER,1
URADR,URYDR,1
URADR,dBWMR1,15
URADR,dBWMR2,5
URADR,dBWMR3,4
URADR,dBWMR4,4
URADR,dBWMR5,7
URAVR,RMDVL,1
URAVR,RMEL,1
URAVR,ADAR,1
URAVR,IL1R,2
URAVR,IL1VR,9
URAVR,IL2VR,3
URAVR,RIPR,13
URAVR,RMDDR,1
URAVR,RMER,4
URAVR,URYVR,1
URAVR,vBWMR2,14
URAVR,vBWMR3,7
URAVR,vBWMR4,18
URAVR,vBWMR6,1
URBR,AVDL,1
URBR,RICL,1
URBR,RMDL,1
URBR,SIADL,3
URBR,SMBDL,4
URBR,ADAR,5
URBR,ADER,1
URBR,ADLR,2
URBR,AVBR,1
URBR,CEPDR,1
URBR,CEPVR,4
URBR,IL1R,5
URBR,IL1DR,2
URBR,IL2R,3
URBR,OLLR,1
URBR,OLQDR,2
URBR,RICR,1
URBR,RMDR,1
URBR,RMGR,8
URBR,SIAVR,3
URBR,SIBDR,2
URBR,SIBVR,2
URBR,SMBVR,1
URBR,URXR,16
URXR,AVBL,2
URXR,RMDDL,2
URXR,SIADL,2
URXR,ADAR,1
URXR,ADFR,4
URXR,ADLR,3
URXR,AIMR,3
URXR,ALMR,1
URXR,AUAR,21
URXR,AVAR,2
URXR,AVBR,3
URXR,AVER,2
URXR,AWBR,2
URXR,CEPDR,1
URXR,OLQVR,2
URXR,RIAR,20
URXR,RICR,3
URXR,RIFR,3
URXR,RIGR,7
URXR,RIPR,10
URXR,RMDR,8
URXR,RMGR,6
URXR,SIAVR,4
URXR,SMBVR,7
URXR,URBR,8
URYDR,AVBL,1
URYDR,AVEL,5
URYDR,AWCL,1
URYDR,RMDDL,9
URYDR,SMDDL,11
URYDR,AVER,2
URYDR,CEPDR,3
URYDR,IL1DR,5
URYDR,OLQDR,1
URYDR,RIBR,1
URYDR,RMDVR,12
URYDR,SMDVR,3
URYDR,URXR,1
URYDR,dBWMR2,2
URYVR,AVAL,2
URYVR,AVBL,5
URYVR,AVEL,26
URYVR,RMDL,2
URYVR,RMDVL,19
URYVR,SIBVL,5
URYVR,SMDVL,11
URYVR,ADAR,1
URYVR,CEPVR,1
URYVR,IL1VR,3
URYVR,RIAR,2
URYVR,RIBR,19
URYVR,RMDDR,32
URYVR,SIBDR,4
URYVR,SMBDR,1
