ADEL,AVKL,10
ADEL,PVQL,1
ADEL,RIGL,14
ADEL,RMGL,1
ADEL,ADER,2
ADEL,AVAR,5
ADEL,RIGR,5
ADEL,RIVR,1
ADFL,AIZL,37
ADFL,AUAL,3
ADFL,AWAL,1
ADFL,OLQVL,2
ADFL,RIAL,47
ADFL,RIBL,1
ADFL,RIGL,9
ADFL,SMBVL,8
ADLL,AIBL,16
ADLL,ASGL,9
ADLL,ASHL,4
ADLL,ASKL,1
ADLL,AVFL,1
ADLL,AVHL,1
ADLL,AVJL,10
ADLL,CEPDL,1
ADLL,PVPL,1
ADLL,PVQL,1
ADLL,SMBVL,1
ADLL,AVDR,13
AFDL,AIYL,59
AFDL,CEPshVL,2
AIAL,AIAL,26
AIAL,AIBL,45
AIAL,AIYL,6
AIAL,AWCL,25
AIAL,RIFL,27
AIAL,AINR,5
AIBL,AIBL,2
AIBL,AVBL,24
AIBL,AVEL,5
AIBL,RIML,1
AIBL,SAADL,6
AIBL,AIZR,8
AIBL,AVKR,5
AIBL,CEPshDR,2
AIBL,RIBR,4
AIBL,RIMR,42
AIBL,RMFR,5
AIBL,SAADR,14
AIBL,SIBVR,6
AIBL,SMDDR,9
AIML,AIAL,2
AIML,AIBL,30
AIML,ASGL,3
AIML,ASKL,5
AIML,CEPVL,1
AIML,RICL,3
AINL,AFDR,7
AINL,AUAR,1
AINL,CEMVR,4
AINL,CEPVR,7
AINL,CEPshVR,4
AIYL,AFDL,3
AIYL,AIZL,157
AIYL,AUAL,4
AIYL,AWBL,4
AIYL,CEMVL,2
AIYL,RIAL,171
AIYL,RIBL,142
AIYL,AIZR,2
AIYL,RIAR,2
AIZL,ADFL,4
AIZL,AIAL,10
AIZL,AWAL,10
AIZL,RIAL,44
AIZL,RIML,14
AIZL,SMBDL,36
AIZL,SMBVL,30
AIZL,AIBR,27
AIZL,AVER,15
AIZL,AVKR,1
AIZL,RIAR,5
AIZL,SMBVR,2
ALML,BDUL,14
ALML,CEPDL,17
ALML,CEPVL,13
ALML,PVCL,23
ALML,AVBR,1
ALNL,RMGL,6
ALNL,SAAVL,12
ALNL,AVAR,2
ALNL,RIMR,4
ALNL,SAAVR,24
ALNL,SIADR,3
ALNL,SMBDR,4
ALNL,SMDDR,6
ASEL,AIBL,5
ASEL,AIYL,11
ASEL,ASKL,4
ASEL,AWCL,18
ASEL,RIBL,1
ASGL,AIAL,70
ASGL,AIML,5
ASGL,AIZL,3
ASGL,ASEL,1
ASGL,RICL,4
ASHL,ADFL,12
ASHL,ADLL,3
ASHL,AIAL,23
ASHL,AIBL,20
ASHL,ASKL,1
ASHL,AVBL,4
ASHL,AVFL,5
ASHL,PVQL,5
ASHL,RIAL,8
ASHL,RIFL,1
ASHL,SMBVL,4
ASHL,AVDR,14
ASIL,AFDL,5
ASIL,AIAL,1
ASIL,AIBL,11
ASIL,AIML,3
ASIL,ASGL,6
ASIL,AWCL,8
ASIL,CEPshDL,2
ASIL,CEPshVL,1
ASJL,ASKL,13
ASJL,OLQDL,2
ASJL,PVQL,26
ASJL,URADL,2
ASKL,AIAL,8
ASKL,AIBL,3
ASKL,ASHL,5
ASKL,AINR,6
AUAL,ADFL,8
AUAL,AVAL,6
AUAL,AVEL,5
AUAL,RIAL,45
AUAL,RIBL,18
AUAL,AINR,7
AVAL,PVCL,8
AVAL,R1AL,5
AVAL,R3AL,7
AVAL,RMHL,1
AVAL,SABVL,2
AVAL,AVAR,12
AVAL,AVDR,2
AVAL,PVCR,6
AVAL,R3AR,1
AVBL,AVAL,10
AVBL,AVAR,5
AVBL,AVBR,1
AVDL,AVAL,14
AVDL,SABVL,2
AVDL,ALMR,2
AVDL,AVAR,14
AVDL,SABVR,5
AVEL,AVAL,17
AVEL,SABVL,16
AVEL,AVAR,3
AVEL,SABVR,12
AVFL,AVBL,32
AVFL,MCML,32
AVFL,PHAL,2
AVFL,PVNL,8
AVFL,R1AL,1
AVFL,R6BL,4
AVFL,R7BL,4
AVFL,RIFL,4
AVFL,RIML,10
AVFL,vBWML22,8
AVFL,AVAR,2
AVFL,AVBR,4
AVFL,AVDR,4
AVFL,AVFR,1
AVFL,PCAR,2
AVFL,PVCR,13
AVFL,PVPR,10
AVFL,R1BR,80
AVFL,R3BR,5
AVFL,R5BR,15
AVFL,R6BR,13
AVFL,R7BR,4
AVFL,R8AR,3
AVFL,R9AR,1
AVFL,ailR,4
AVHL,ADFL,3
AVHL,AWBL,1
AVHL,RICL,1
AVHL,SIAVL,1
AVHL,SMBVL,6
AVHL,AVDR,2
AVHL,AVFR,3
AVJL,ALML,2
AVJL,AVBL,5
AVJL,MCML,2
AVJL,PVCL,5
AVJL,SMBVL,1
AVJL,AVBR,2
AVJL,AVHR,4
AVKL,AVAL,1
AVKL,AVDL,1
AVKL,AVEL,1
AVKL,RIML,2
AVKL,SAADL,1
AVKL,SAAVL,3
AVKL,SMDDL,1
AVKL,AVKR,1
AVKL,PDER,1
AVKL,R3AR,2
AVKL,SAADR,3
AVKL,SMDDR,3
AVKL,ailR,5
AWAL,ADFL,10
AWAL,AFDL,16
AWAL,AIYL,13
AWAL,AIZL,50
AWAL,ASEL,5
AWAL,ASIL,2
AWAL,AUAL,2
AWAL,AWBL,6
AWAL,RIBL,3
AWBL,ADFL,16
AWBL,AIYL,13
AWBL,AIZL,1
AWBL,RIAL,13
AWBL,RIBL,9
AWBL,SMBVL,3
AWCL,AIAL,13
AWCL,AIBL,3
AWCL,AIYL,5
AWCL,ASEL,4
AWCL,ASKL,2
BDUL,ALML,2
BDUL,SAADL,3
BDUL,dBWML5,3
CEMDL,AVBL,10
CEMDL,AVDL,11
CEMDL,AVJL,3
CEMDL,CEPDL,11
CEMDL,CEPshDL,2
CEMDL,IL2DL,2
CEMDL,AVBR,3
CEMVL,CEMVL,3
CEMVL,AIAL,2
CEMVL,AVBL,10
CEMVL,AVFL,5
CEMVL,AWCL,3
CEMVL,CEPVL,6
CEMVL,CEPshVL,4
CEMVL,MCML,5
CEMVL,RIAL,5
CEMVL,RIBL,9
CEMVL,AVDR,2
CEPDL,AVEL,9
CEPDL,IL1L,4
CEPDL,IL1DL,11
CEPDL,OLQDL,23
CEPDL,RMGL,1
CEPDL,RMHL,13
CEPDL,SMDDL,1
CEPDL,URXL,3
CEPDL,dBWML5,2
CEPDL,AVAR,1
CEPDL,RICR,11
CEPDL,RMHR,8
CEPDL,SIADR,9
CEPDL,SMBDR,5
CEPVL,CEPshVL,1
CEPVL,IL1VL,5
CEPVL,IL2VL,2
CEPVL,OLQVL,27
CEPVL,RICL,20
CEPVL,RIPL,11
CEPVL,RMHL,1
CEPVL,SIAVL,9
CEPVL,URAVL,24
CEPVL,vBWML5,1
CEPVL,AVAR,1
CEPVL,RICR,27
CEPVL,RIVR,4
CEPVL,RMHR,4
CEPVL,vBWMR3,1
CEPVL,vBWMR5,2
FLPL,AIBL,24
FLPL,AVAL,32
FLPL,AVBL,16
FLPL,AVDL,11
FLPL,AVEL,17
FLPL,PVCL,6
FLPL,AVAR,6
FLPL,FLPR,5
FLPL,RIGR,3
FLPL,SMDDR,3
I1L,I2L,10
I1L,M2L,3
I1L,M3L,8
I1L,MCL,2
I1L,NSML,3
I1L,pm3VL,7
I1L,pm4VL,2
I1L,M3R,2
I1L,MCR,2
I2L,I1L,2
I2L,NSML,14
I2L,e3VL,1
I2L,pm3VL,1
I2L,pm4VL,2
I2L,pm5VL,2
I2L,I2R,3
I2L,M3R,3
I2L,NSMR,24
I2L,pm5VR,1
IL1L,RMDL,15
IL1L,RMDDL,12
IL1L,RMDVL,13
IL1L,dBWML3,16
IL1L,dBWML4,15
IL1L,dBWML5,7
IL1L,vBWML1,20
IL1L,vBWML2,6
IL1L,vBWML4,4
IL1L,RMDR,3
IL1L,RMHR,6
IL1L,vBWMR1,20
IL1L,vBWMR2,6
IL1L,vBWMR4,4
IL1DL,RIPL,12
IL1DL,RMDVL,25
IL1DL,dBWML1,11
IL1DL,dBWML2,4
IL1DL,dBWML3,5
IL1VL,OLQVL,3
IL1VL,RIAL,3
IL1VL,RIGL,3
IL1VL,RIPL,47
IL1VL,RMDDL,81
IL1VL,vBWML1,15
IL1VL,vBWML2,18
IL1VL,AIBR,3
IL1VL,vBWMR1,15
IL1VL,vBWMR2,18
IL2L,OLQDL,18
IL2L,OLQVL,16
IL2L,SMBVL,3
IL2L,URBL,19
IL2L,RICR,3
IL2L,RMDR,10
IL2L,RMER,8
IL2DL,IL1DL,1
IL2DL,RIPL,9
IL2DL,URADL,12
IL2DL,RICR,4
IL2VL,CEMVL,1
IL2VL,IL1VL,13
IL2VL,OLQVL,9
IL2VL,RIAL,5
IL2VL,RIPL,36
IL2VL,RMEL,15
IL2VL,URAVL,14
IL2VL,RMER,6
LUAL,PVCL,2
LUAL,PVNL,7
LUAL,PVWL,4
LUAL,R3BL,2
LUAL,R9AL,2
LUAL,R9BL,6
LUAL,AVAR,27
LUAL,AVDR,16
LUAL,AVFR,2
LUAL,LUAR,3
LUAL,R5BR,1
LUAL,R6BR,8
M2L,M3L,3
M2L,g1AL,8
M2L,pm4VL,9
M2L,pm5VL,21
M2L,M3R,1
M3L,NSML,1
M3L,pm4VL,6
M3L,pm5VL,2
MCL,mc2DR,7
MCML,ALML,3
MCML,AVBL,16
MCML,AVFL,2
MCML,AVHL,2
MCML,BDUL,3
MCML,CEMVL,2
MCML,PVCL,2
MCML,PVPL,1
MCML,RICL,3
MCML,RIML,8
MCML,SIAVL,2
MCML,SMBVL,3
MCML,AVDR,4
NSML,M3L,21
NSML,pm4VL,2
NSML,pm5VL,63
NSML,M3R,1
NSML,NSMR,7
NSML,pm5VR,8
OLLL,IL1L,1
OLLL,IL1DL,1
OLLL,IL1VL,2
OLLL,RIBL,9
OLLL,RMDL,1
OLLL,RMDDL,22
OLLL,RMDVL,4
OLLL,SMDDL,5
OLLL,AVER,26
OLLL,RMDR,23
OLLL,SMDDR,11
OLLL,SMDVR,24
OLQDL,OLQDL,8
OLQDL,IL1DL,1
OLQDL,IL2L,11
OLQDL,IL2DL,1
OLQDL,SIBVL,6
OLQDL,RICR,13
OLQDL,RMDDR,6
OLQDL,SMBDR,4
OLQVL,IL1VL,2
OLQVL,IL2L,9
OLQVL,IL2VL,2
OLQVL,RICL,19
OLQVL,RMHL,1
OLQVL,SIBDL,26
OLQVL,RMDVR,27
PCAL,PCAL,6
PCAL,PCBL,43
PCAL,PHCL,4
PCAL,PHDL,1
PCAL,R3BL,3
PCAL,R7AL,1
PCAL,R8AL,55
PCAL,R9AL,18
PCAL,aobL,22
PCAL,gecL,6
PCAL,grtL,11
PCAL,pobL,11
PCAL,PHCR,2
PCAL,R8AR,49
PCBL,PCAL,15
PCBL,PCCL,13
PCBL,PHBL,1
PCBL,PHCL,17
PCBL,R2BL,3
PCBL,R8AL,4
PCBL,SPCL,18
PCBL,aobL,48
PCBL,gecL,5
PCBL,grtL,1
PCBL,pobL,24
PCBL,PCBR,2
PCBL,PCCR,6
PCBL,R3BR,5
PCCL,PCBL,11
PCCL,SPCL,25
PCCL,aobL,21
PCCL,pobL,24
PCCL,PCCR,1
PCCL,R2BR,11
PCCL,SPCR,14
PCCL,SPVR,9
PDEL,AVKL,13
PDEL,PVCL,2
PDEL,ailR,2
PHAL,AVAL,8
PHAL,LUAL,17
PHAL,PHBL,1
PHAL,PHCL,26
PHAL,PVCL,21
PHAL,R3BL,21
PHAL,R8AL,3
PHAL,R9AL,9
PHAL,PHAR,18
PHAL,R3BR,41
PHAL,R8AR,13
PHBL,PHAL,10
PHBL,PHCL,13
PHBL,R8AL,2
PHBL,R9AL,3
PHBL,cdlL,1
PHBL,AVHR,8
PHBL,PHBR,7
PHBL,PVQR,1
PHBL,R3BR,24
PHCL,PHCL,2
PHCL,AVBL,2
PHCL,PCAL,5
PHCL,PCBL,41
PHCL,PVNL,1
PHCL,PVPL,4
PHCL,R1AL,6
PHCL,R2AL,1
PHCL,R2BL,36
PHCL,R8AL,11
PHCL,SPDL,5
PHCL,PCBR,3
PHCL,PHCR,17
PHCL,PVNR,4
PHCL,R2AR,1
PHCL,R4BR,5
PHCL,R8AR,1
PHCL,R8BR,1
PHCL,R9AR,1
PHDL,PVNL,15
PHDL,PHDR,4
PHDL,R4BR,9
PHDL,R8BR,3
PHDL,R9AR,5
PLML,AVAL,4
PLML,PDEL,16
PLML,R1AL,4
PLML,AVDR,5
PLML,PDER,19
PLNL,RMGL,5
PLNL,SAADL,40
PLNL,SAAVL,1
PLNL,SIAVL,1
PLNL,SMBVL,25
PLNL,RMDVR,1
PLNL,SIAVR,10
PLNL,SMDVR,3
PVCL,AVAL,2
PVCL,AVBL,17
PVCL,SIAVL,2
PVCL,AVBR,6
PVCL,AVDR,12
PVCL,PVCR,3
PVDL,AVAL,13
PVDL,AVDL,1
PVDL,AVFL,1
PVDL,PVCL,13
PVDL,PVPL,1
PVDL,AVAR,29
PVDL,AVDR,1
PVDL,PVCR,36
PVDL,PVDR,10
PVNL,PVNL,1
PVNL,AVAL,8
PVNL,AVBL,2
PVNL,AVDL,5
PVNL,PVDL,1
PVNL,PVPL,1
PVNL,R3AL,2
PVNL,R6BL,3
PVNL,R7BL,12
PVNL,R8BL,4
PVNL,SPDL,1
PVNL,SPVL,1
PVNL,AVAR,7
PVNL,AVBR,1
PVNL,AVDR,1
PVNL,AVFR,3
PVNL,PHDR,14
PVNL,R1BR,1
PVNL,R2BR,1
PVNL,R3BR,1
PVNL,R4BR,5
PVNL,R5BR,2
PVNL,R7BR,10
PVPL,AVBL,6
PVPL,AVFL,3
PVPL,AVHL,3
PVPL,PVDL,1
PVPL,RIFL,1
PVPL,AVAR,11
PVPL,AVBR,4
PVPL,AVDR,5
PVPL,AVER,4
PVPL,AVKR,8
PVQL,AIAL,9
PVQL,AIML,9
PVQL,ASKL,2
PVQL,AVBL,6
PVQL,AVFL,9
R1AL,R1AL,6
R1AL,PHCL,1
R1AL,R3AL,52
R1AL,dglL7,2
R1AL,polL,10
R1AL,R3AR,31
R1BL,R1AL,8
R1BL,R2AL,1
R1BL,R3AL,5
R1BL,R3BL,2
R1BL,R5AL,1
R1BL,R6BL,2
R2AL,R2AL,4
R2AL,AVBL,4
R2AL,PHCL,6
R2AL,R1AL,2
R2AL,R4AL,23
R2AL,AVBR,2
R2AL,PHCR,1
R2AL,PVQR,1
R2AL,R2AR,81
R2BL,R2BL,36
R2BL,PCBL,4
R2BL,PHCL,99
R2BL,PHDL,6
R2BL,PVNL,8
R2BL,R1AL,2
R2BL,R1BL,2
R2BL,R3AL,17
R2BL,R4AL,18
R2BL,R4BL,17
R2BL,R6AL,30
R2BL,R6BL,2
R2BL,R7AL,2
R2BL,R7BL,38
R2BL,R8AL,29
R2BL,R8BL,6
R2BL,R9AL,5
R2BL,SPCL,10
R2BL,SPDL,3
R2BL,AVKR,2
R2BL,PHCR,1
R2BL,PHDR,12
R2BL,R2BR,2
R2BL,R4BR,10
R2BL,R8AR,2
R2BL,R8BR,3
R2BL,R9BR,2
R3AL,AVAL,4
R3AL,R1AL,39
R3AL,R2AL,2
R3AL,R4AL,4
R3AL,R5AL,6
R3AL,cdlL,1
R3AL,polL,48
R3AL,AVAR,1
R3AL,R3AR,42
R3AL,R4AR,2
R3BL,AVFL,2
R3BL,PVNL,4
R3BL,R1AL,10
R3BL,R3AL,9
R3BL,R4AL,4
R3BL,R4BL,1
R3BL,R5AL,3
R3BL,R5BL,2
R3BL,R6AL,1
R3BL,R6BL,29
R3BL,dglL6,7
R3BL,AVFR,9
R3BL,PCBR,2
R3BL,PVNR,6
R3BL,R1BR,5
R3BL,R6BR,5
R3BL,R7BR,8
R3BL,R9AR,3
R3BL,R9BR,10
R4AL,R4AL,23
R4AL,R1AL,5
R4AL,R1BL,1
R4AL,R2AL,12
R4AL,R2BL,1
R4AL,R3AL,1
R4AL,R5AL,11
R4AL,R6AL,27
R4AL,R7AL,2
R4AL,R7BL,9
R4AL,cdlL,6
R4AL,dglL7,7
R4AL,polL,14
R4AL,vBWML21,8
R4AL,R3AR,2
R4AL,R3BR,3
R4AL,R4AR,80
R4AL,R5AR,15
R4AL,R6AR,5
R4BL,PHCL,19
R4BL,PVNL,3
R4BL,R1AL,3
R4BL,R2BL,1
R4BL,R3AL,17
R4BL,R4AL,6
R4BL,R5BL,2
R4BL,R6BL,1
R4BL,R7BL,4
R4BL,R8AL,6
R4BL,R8BL,10
R4BL,R9BL,3
R4BL,PHCR,20
R4BL,R2BR,5
R4BL,R4BR,1
R4BL,R7AR,1
R4BL,R7BR,2
R4BL,R8BR,7
R5AL,R3AL,2
R5AL,R4AL,17
R5AL,R5BL,6
R5AL,R6AL,5
R5AL,R7AL,1
R5AL,cdlL,3
R5AL,polL,3
R5AL,vBWML21,2
R5AL,vBWML22,1
R5AL,R4AR,18
R5AL,R5AR,3
R5BL,PHCL,1
R5BL,R2AL,2
R5BL,R3AL,3
R5BL,R3BL,1
R5BL,R4AL,1
R5BL,R4BL,3
R5BL,R5AL,5
R5BL,R6AL,2
R5BL,R7AL,13
R5BL,R7BL,1
R5BL,cdlL,9
R5BL,dglL6,1
R5BL,dglL7,1
R5BL,polL,1
R5BL,vBWML21,1
R5BL,vBWML22,1
R5BL,AVKR,1
R5BL,R4BR,1
R6AL,R6AL,5
R6AL,R3AL,1
R6AL,R5AL,18
R6AL,R5BL,3
R6AL,R7AL,28
R6AL,ailL,3
R6AL,cdlL,3
R6AL,dglL5,4
R6AL,polL,1
R6AL,R6AR,2
R6AL,R7AR,15
R6BL,R1BL,13
R6BL,R3AL,3
R6BL,R3BL,46
R6BL,R5AL,2
R6BL,R7BL,5
R6BL,R5BR,1
R6BL,R7BR,2
R6BL,R9AR,2
R7AL,R7AL,3
R7AL,R3AL,4
R7AL,R4BL,6
R7AL,R5BL,6
R7AL,R6AL,9
R7AL,R7BL,5
R7AL,cdlL,2
R7AL,grtL,14
R7AL,polL,2
R7AL,vBWML21,1
R7AL,AVFR,3
R7AL,PHCR,1
R7AL,R2BR,3
R7AL,R6AR,5
R7AL,R7AR,8
R7AL,R7BR,5
R7BL,R7BL,8
R7BL,AVFL,11
R7BL,PHAL,1
R7BL,PVNL,5
R7BL,R1AL,2
R7BL,R3AL,1
R7BL,R3BL,1
R7BL,R4AL,7
R7BL,R4BL,12
R7BL,R5BL,7
R7BL,R6AL,14
R7BL,R6BL,8
R7BL,R7AL,17
R7BL,R7stL,1
R7BL,ailL,2
R7BL,cdlL,2
R7BL,dglL7,2
R7BL,polL,2
R7BL,AVFR,6
R7BL,R1BR,13
R7BL,R2BR,2
R7BL,R5BR,8
R7BL,R6AR,5
R7BL,R7AR,2
R7BL,R7BR,40
R7BL,R9BR,2
R8AL,PCAL,24
R8AL,PHCL,47
R8AL,R2BL,6
R8AL,R4BL,2
R8AL,R8BL,2
R8AL,PCAR,13
R8AL,PHCR,14
R8BL,PHCL,33
R8BL,PHDL,18
R8BL,PVNL,14
R8BL,R2BL,1
R8BL,R4BL,11
R8BL,R7BL,1
R8BL,R8AL,5
R8BL,R9BL,2
R8BL,PHCR,4
R8BL,PHDR,3
R8BL,R2BR,1
R8BL,R4BR,10
R8BL,R5BR,1
R8BL,R8BR,1
R9AL,PCAL,21
R9AL,PHCL,26
R9AL,PHDL,3
R9AL,PVCL,3
R9AL,PVNL,2
R9AL,R2BL,4
R9AL,R4BL,2
R9AL,R7BL,2
R9AL,R8AL,6
R9AL,R8BL,9
R9AL,R9BL,9
R9AL,vspL,1
R9AL,AVFR,9
R9BL,R9BL,13
R9BL,ALNL,2
R9BL,AVFL,7
R9BL,LUAL,8
R9BL,PLNL,4
R9BL,PVCL,8
R9BL,PVNL,6
R9BL,R8BL,21
R9BL,R9AL,30
R9BL,PHAR,1
R9BL,PHBR,16
R9BL,R1BR,12
R9BL,R4BR,2
R9BL,R6BR,31
R9BL,R7BR,19
R9BL,R9AR,1
R9BL,R9BR,35
RIAL,RIAL,2
RIAL,AUAL,2
RIAL,IL1DL,5
RIAL,OLQVL,1
RIAL,RIBL,8
RIAL,RIVL,10
RIAL,RMDL,12
RIAL,RMDDL,71
RIAL,RMDVL,71
RIAL,SMDDL,18
RIAL,SMDVL,18
RIAL,RIAR,33
RIAL,RIBR,22
RIAL,RIVR,1
RIAL,RMDR,27
RIAL,RMDDR,51
RIAL,RMDVR,79
RIAL,RMGR,4
RIAL,SIADR,3
RIAL,SIAVR,37
RIAL,SMDDR,28
RIAL,SMDVR,18
RIBL,CEMVL,6
RIBL,RIAL,6
RIBL,RIGL,1
RIBL,SMDDL,2
RIBL,AINR,1
RIBL,AVER,5
RIBL,RIMR,2
RIBL,SMDVR,2
RICL,AVAL,25
RICL,MCML,1
RICL,RIML,2
RICL,RMHL,1
RICL,SMDDL,15
RICL,AIBR,4
RICL,AVAR,22
RICL,CEPDR,1
RICL,CEPVR,1
RICL,SAAVR,3
RICL,SMDDR,20
RICL,SMDVR,3
RIFL,AIBL,3
RIFL,AIYL,3
RIFL,AVBL,46
RIFL,AVFL,4
RIFL,MCML,3
RIFL,RIML,41
RIFL,SIBVL,3
RIFL,SMBVL,1
RIFL,dBWML5,2
RIFL,AVBR,11
RIGL,ALNL,4
RIGL,AVKL,8
RIGL,OLQVL,4
RIGL,PLNL,3
RIGL,RIAL,3
RIGL,RIBL,2
RIGL,RIML,9
RIGL,RMFL,3
RIGL,ADER,1
RIGL,AINR,4
RIGL,AVAR,17
RIGL,AVER,8
RIGL,AVKR,20
RIGL,RIMR,1
RIGL,RMHR,32
RIML,AVBL,23
RIML,MCML,3
RIML,RIBL,3
RIML,RIFL,1
RIML,RMFL,1
RIML,SAAVL,24
RIML,SMDDL,13
RIML,SMDVL,12
RIML,AIBR,4
RIML,AVBR,23
RIML,RIBR,3
RIML,RMDR,11
RIML,RMFR,1
RIML,SAAVR,27
RIML,SMDDR,11
RIML,dBWMR5,6
RIML,vBWMR4,2
RIPL,mc2DL,2
RIPL,pm3VL,4
RIVL,RIAL,6
RIVL,RMDVL,4
RIVL,RIAR,5
RIVL,RIVR,14
RIVL,RMDDR,3
RIVL,SAADR,34
RIVL,SDQR,1
RIVL,SIAVR,20
RIVL,SMDDR,9
RIVL,vBWMR5,6
RIVL,vBWMR6,3
RIVL,vBWMR7,18
RMDL,RMDL,2
RMDL,dBWML3,1
RMDL,dBWML5,2
RMDL,vBWML1,4
RMDL,RMDR,2
RMDL,dBWMR3,4
RMDL,dBWMR4,6
RMDL,vBWMR4,8
RMDL,vBWMR8,1
RMDDL,vBWML1,1
RMDDL,RMDVR,36
RMDDL,dBWMR1,8
RMDDL,dBWMR2,4
RMDDL,dBWMR3,8
RMDDL,dBWMR4,12
RMDDL,dBWMR5,13
RMDDL,dBWMR6,2
RMDVL,RMHL,1
RMDVL,RIPR,1
RMDVL,RMDDR,71
RMDVL,vBWMR2,20
RMDVL,vBWMR3,11
RMDVL,vBWMR4,31
RMDVL,vBWMR6,18
RMDVL,vBWMR7,3
RMEL,RMEL,1
RMEL,RMHL,3
RMEL,IL1R,1
RMEL,dBWMR3,22
RMEL,dBWMR5,7
RMEL,vBWMR4,9
RMGL,ALNL,4
RMGL,AVBL,4
RMGL,AVEL,2
RMGL,AVJL,3
RMGL,CEPDL,4
RMGL,PLNL,1
RMGL,RMDL,2
RMGL,RMDVL,32
RMGL,RMHL,1
RMGL,SIBVL,1
RMGL,SMBVL,4
RMGL,dBWML4,7
RMGL,dBWML5,1
RMGL,vBWML5,2
RMGL,RICR,1
RMGL,RIVR,1
RMGL,RMDR,30
RMGL,SIADR,3
RMGL,SMDDR,5
RMHL,AVKL,3
RMHL,RMDVL,2
RMHL,CEPDR,2
RMHL,CEPVR,1
RMHL,IL1R,2
RMHL,RIBR,2
RMHL,RIGR,3
RMHL,RMDR,5
RMHL,RMGR,4
RMHL,dBWMR3,7
RMHL,dBWMR4,2
RMHL,dBWMR5,2
SAADL,dBWMR3,7
SAADL,dBWMR4,3
SAADL,dBWMR6,2
SAAVL,AVAL,70
SAAVL,RIML,1
SAAVL,vBWML9,1
SAAVL,RIMR,50
SAAVL,RMFR,11
SAAVL,SABVR,2
SAAVL,SMDDR,18
SAAVL,vBWMR3,7
SAAVL,vBWMR4,3
SAAVL,vBWMR6,2
SABVL,vBWML1,15
SABVL,vBWML3,67
SABVL,vBWML4,63
SABVL,vBWML6,20
SABVL,SAAVR,4
SDQL,SAADR,2
SDQL,SIADR,2
SDQL,SMBDR,11
SIADL,SIBDL,4
SIADL,SMDDL,17
SIADL,SDQR,4
SIADL,dBWMR10,8
SIADL,dBWMR11,8
SIADL,dBWMR12,8
SIADL,dBWMR13,8
SIADL,dBWMR14,8
SIADL,dBWMR15,8
SIADL,dBWMR16,3
SIADL,dBWMR5,8
SIADL,dBWMR6,3
SIADL,dBWMR7,8
SIADL,dBWMR8,12
SIADL,dBWMR9,8
SIAVL,SMBVL,2
SIAVL,vBWML10,4
SIAVL,vBWML11,4
SIAVL,vBWML12,4
SIAVL,vBWML13,4
SIAVL,vBWML14,4
SIAVL,vBWML15,4
SIAVL,vBWML16,1
SIAVL,vBWML5,4
SIAVL,vBWML6,1
SIAVL,vBWML7,4
SIAVL,vBWML8,5
SIAVL,vBWML9,4
SIAVL,RIVR,1
SIAVL,SIBVR,2
SIAVL,SMDVR,10
SIBDL,RMFL,1
SIBDL,SIADL,2
SIBDL,SMDDL,10
SIBDL,AVAR,1
SIBDL,dBWMR10,3
SIBDL,dBWMR11,3
SIBDL,dBWMR12,3
SIBDL,dBWMR13,3
SIBDL,dBWMR14,3
SIBDL,dBWMR15,3
SIBDL,dBWMR16,1
SIBDL,dBWMR5,3
SIBDL,dBWMR6,1
SIBDL,dBWMR7,3
SIBDL,dBWMR8,4
SIBDL,dBWMR9,3
SIBVL,SMDVL,22
SIBVL,SIAVR,5
SIBVL,vBWMR10,10
SIBVL,vBWMR11,10
SIBVL,vBWMR12,10
SIBVL,vBWMR13,10
SIBVL,vBWMR14,10
SIBVL,vBWMR15,10
SIBVL,vBWMR16,4
SIBVL,vBWMR5,10
SIBVL,vBWMR6,3
SIBVL,vBWMR7,10
SIBVL,vBWMR8,13
SIBVL,vBWMR9,10
SMBDL,RIML,2
SMBDL,SIADL,19
SMBDL,SIAVL,3
SMBDL,SMBVL,2
SMBDL,SMDDL,7
SMBDL,AIBR,2
SMBDL,ALNR,1
SMBDL,CEPDR,2
SMBDL,SAAVR,17
SMBDL,SDQR,18
SMBDL,dBWMR1,4
SMBDL,dBWMR10,9
SMBDL,dBWMR11,9
SMBDL,dBWMR12,9
SMBDL,dBWMR13,9
SMBDL,dBWMR14,9
SMBDL,dBWMR15,9
SMBDL,dBWMR16,3
SMBDL,dBWMR2,11
SMBDL,dBWMR3,6
SMBDL,dBWMR4,9
SMBDL,dBWMR5,9
SMBDL,dBWMR6,10
SMBDL,dBWMR7,9
SMBDL,dBWMR8,12
SMBDL,dBWMR9,9
SMBVL,AVJL,1
SMBVL,MCML,3
SMBVL,PLNL,4
SMBVL,RMGL,1
SMBVL,SAADL,44
SMBVL,SIAVL,1
SMBVL,SIBVL,3
SMBVL,SMBDL,2
SMBVL,vBWML1,3
SMBVL,vBWML10,2
SMBVL,vBWML11,2
SMBVL,vBWML12,2
SMBVL,vBWML13,2
SMBVL,vBWML14,2
SMBVL,vBWML15,2
SMBVL,vBWML16,1
SMBVL,vBWML2,8
SMBVL,vBWML3,5
SMBVL,vBWML4,6
SMBVL,vBWML5,5
SMBVL,vBWML6,17
SMBVL,vBWML7,9
SMBVL,vBWML8,2
SMBVL,vBWML9,2
SMBVL,RIVR,2
SMBVL,RMDVR,19
SMDDL,AVEL,1
SMDDL,RIAL,4
SMDDL,SIADL,14
SMDDL,SIBDL,14
SMDDL,SMBDL,3
SMDDL,SMDVL,2
SMDDL,dBWML1,4
SMDDL,dBWML2,3
SMDDL,dBWML7,1
SMDDL,vBWML2,7
SMDDL,vBWML3,7
SMDDL,RIAR,9
SMDDL,SAAVR,5
SMDDL,SMDVR,17
SMDDL,dBWMR1,3
SMDDL,dBWMR10,6
SMDDL,dBWMR11,6
SMDDL,dBWMR12,6
SMDDL,dBWMR13,6
SMDDL,dBWMR14,6
SMDDL,dBWMR15,6
SMDDL,dBWMR16,2
SMDDL,dBWMR4,1
SMDDL,dBWMR5,6
SMDDL,dBWMR6,2
SMDDL,dBWMR7,6
SMDDL,dBWMR8,8
SMDDL,dBWMR9,6
SMDVL,SMDVL,21
SMDVL,AVEL,25
SMDVL,RIAL,32
SMDVL,RMDVL,29
SMDVL,SIBVL,30
SMDVL,dBWML1,3
SMDVL,dBWML2,3
SMDVL,CEPVR,4
SMDVL,GLRVR,6
SMDVL,IL1VR,6
SMDVL,RIAR,54
SMDVL,RIBR,9
SMDVL,RMDDR,48
SMDVL,SIAVR,30
SMDVL,SMDDR,22
SMDVL,SMDVR,2
SMDVL,vBWMR10,15
SMDVL,vBWMR11,15
SMDVL,vBWMR12,15
SMDVL,vBWMR13,15
SMDVL,vBWMR14,15
SMDVL,vBWMR15,15
SMDVL,vBWMR16,7
SMDVL,vBWMR2,7
SMDVL,vBWMR3,8
SMDVL,vBWMR5,15
SMDVL,vBWMR6,16
SMDVL,vBWMR7,15
SMDVL,vBWMR8,20
SMDVL,vBWMR9,15
SPCL,PCBL,2
SPCL,PCCL,3
SPCL,R2BL,1
SPCL,dspL,31
SPCL,vspL,24
SPDL,PVPL,4
SPDL,SPVL,2
SPDL,ailL,17
SPDL,SPDR,33
SPDL,SPVR,6
SPDL,ailR,6
SPDL,vBWMR21,7
SPVL,PVDL,1
SPVL,PVNL,10
SPVL,PVPL,2
SPVL,SPDL,57
SPVL,PVNR,11
SPVL,R9AR,5
SPVL,SPDR,38
SPVL,SPVR,18
URADL,RIPL,16
URADL,dBWML1,2
URADL,dBWML2,7
URADL,dBWML6,11
URAVL,IL1VL,1
URAVL,RIPL,34
URAVL,RMEL,1
URAVL,vBWML1,20
URAVL,vBWML2,17
URAVL,vBWML3,5
URBL,CEPDL,3
URBL,IL2L,1
URBL,OLLL,4
URBL,RMDL,18
URBL,RMDDR,1
URBL,RMER,1
URXL,RMGL,1
URYDL,dBWMR2,2
ADER,ADEL,4
ADER,AVAL,10
ADER,RIGL,5
ADER,RIVL,2
ADER,RIGR,5
ADER,RIVR,1
ADER,dBWMR4,1
ADFR,AFDR,2
ADFR,AIZR,24
ADFR,ASGR,2
ADFR,AUAR,10
ADFR,AWAR,1
ADFR,AWBR,8
ADFR,RIAR,33
ADFR,RIPR,1
ADFR,SMBDR,3
ADFR,SMBVR,1
ADLR,AVDL,40
ADLR,AIAR,24
ADLR,AIBR,53
ADLR,ASER,4
ADLR,ASGR,1
ADLR,ASHR,11
ADLR,AVFR,2
ADLR,SMBVR,9
AFDR,AIYR,30
AFDR,AUAR,2
AFDR,AWAR,2
AIAR,ADLR,12
AIAR,AIBR,6
AIAR,AIMR,1
AIAR,ASER,4
AIAR,ASGR,5
AIAR,ASHR,1
AIAR,ASKR,2
AIBR,RIML,36
AIBR,RMFL,2
AIBR,SAADL,5
AIBR,SMDDL,11
AIBR,AIAR,4
AIBR,AIMR,4
AIBR,ASGR,4
AIBR,AVBR,19
AIBR,AVER,4
AIBR,AVKR,4
AIBR,FLPR,5
AIBR,RIMR,2
AIBR,RIVR,6
AIMR,AIAR,41
AIMR,AIBR,36
AIMR,ASGR,4
AIMR,ASJR,1
AIMR,ASKR,8
AIMR,URXR,1
AINR,AFDL,17
AINR,AIAL,8
AINR,AIBL,9
AINR,AIYL,3
AINR,AVEL,1
AINR,CEPVL,3
AINR,CEPshVL,3
AINR,RIAL,24
AINR,RIGL,3
AIYR,ADFR,2
AIYR,AFDR,10
AIYR,AIAR,10
AIYR,AIZR,152
AIYR,ASER,1
AIYR,AWAR,3
AIYR,AWBR,4
AIYR,RIAR,121
AIYR,RIBR,117
AIYR,SIBDR,15
AIZR,AIZR,8
AIZR,AIBL,72
AIZR,AVEL,51
AIZR,SMBDL,3
AIZR,SMBVL,2
AIZR,ADFR,6
AIZR,ADLR,8
AIZR,AIAR,8
AIZR,AVKR,2
AIZR,RIAR,42
AIZR,RIMR,24
AIZR,SMBDR,25
AIZR,SMBVR,25
ALMR,AVBL,8
ALMR,AVDL,9
ALMR,BDUR,14
ALMR,CEPDR,19
ALMR,CEPVR,4
ALMR,PVCR,8
ALNR,SMBDL,1
ALNR,SMDDL,3
ALNR,RMGR,2
ALNR,SAAVR,8
ALNR,SIAVR,1
ALNR,SMDVR,6
ASER,ADLR,2
ASER,AFDR,2
ASER,AIAR,2
ASER,AIBR,13
ASER,AIYR,23
ASER,AIZR,8
ASGR,AIAR,57
ASGR,AIBR,9
ASGR,AIMR,1
ASHR,AVDL,24
ASHR,AIAR,48
ASHR,AIBR,2
ASHR,ASKR,2
ASHR,AVBR,1
ASIR,AFDR,8
ASIR,AIAR,3
ASIR,ASGR,2
ASIR,ASKR,4
ASIR,AWCR,1
ASJR,AVBL,2
ASJR,ASKR,1
ASJR,PVQR,20
ASJR,RIFR,2
ASJR,RMGR,3
ASKR,AIAR,38
ASKR,AIMR,1
ASKR,ASHR,2
ASKR,RIFR,1
AUAR,ADFR,12
AUAR,RIAR,42
AUAR,RIBR,25
AUAR,URXR,1
AVAR,AVAL,21
AVAR,AVDL,6
AVAR,PVCL,4
AVAR,R1AL,1
AVAR,R3AL,1
AVAR,AVDR,4
AVAR,AVFR,1
AVAR,LUAR,8
AVAR,PVCR,20
AVAR,R1BR,2
AVAR,R3AR,2
AVAR,RIGR,2
AVAR,SABVR,2
AVBR,AVAL,9
AVBR,AVBL,1
AVBR,R2AL,1
AVBR,R2AR,1
AVDR,AVAL,19
AVDR,PVCL,2
AVDR,R1AL,1
AVDR,SABVL,5
AVDR,AVAR,14
AVDR,AVBR,1
AVDR,AVER,3
AVDR,SABVR,1
AVER,AVAL,14
AVER,SABVL,12
AVER,AVAR,33
AVER,SABVR,11
AVFR,AVDL,8
AVFR,AVFL,4
AVFR,MCML,1
AVFR,PVCL,24
AVFR,PVDL,1
AVFR,PVNL,2
AVFR,PVPL,2
AVFR,PVWL,4
AVFR,R3AL,1
AVFR,R3BL,8
AVFR,R7BL,7
AVFR,RIFL,1
AVFR,vBWML22,9
AVFR,AVAR,5
AVFR,AVBR,25
AVFR,MCMR,32
AVFR,OLQVR,8
AVFR,PVNR,4
AVFR,R1BR,15
AVFR,R3BR,2
AVFR,R5BR,34
AVFR,R7BR,5
AVFR,RIFR,30
AVFR,vBWMR23,2
AVHR,ADFR,3
AVHR,ADLR,3
AVHR,AIAR,2
AVHR,ASHR,2
AVHR,AUAR,1
AVHR,AWBR,3
AVHR,PCAR,1
AVHR,PVPR,1
AVHR,SMBVR,10
AVJR,SABVL,3
AVJR,PVQR,2
AVKR,AVKL,1
AVKR,PDEL,1
AVKR,RIML,5
AVKR,SAADL,2
AVKR,SIAVL,4
AVKR,SMDDL,3
AVKR,ailL,6
AVKR,AIBR,5
AVKR,AVER,10
AVKR,PVPR,3
AVKR,RIMR,8
AVKR,RMDR,3
AVKR,SAAVR,5
AWAR,ADFR,14
AWAR,ADLR,3
AWAR,AFDR,8
AWAR,AIYR,3
AWAR,AIZR,88
AWAR,AWBR,4
AWBR,ADFR,19
AWBR,AIZR,13
AWBR,RIAR,26
AWBR,RIBR,6
AWCR,AIBR,13
AWCR,AIYR,45
BDUR,ALMR,2
BDUR,MCMR,8
BDUR,RMGR,2
CEMDR,CEMDR,4
CEMDR,AIBL,1
CEMDR,AVAR,4
CEMDR,AVBR,4
CEMDR,CEPDR,8
CEMDR,RIGR,14
CEMDR,URYDR,6
CEMVR,AVAL,3
CEMVR,AVBL,33
CEMVR,AVDL,34
CEMVR,AVEL,1
CEMVR,AVKL,2
CEMVR,RICL,2
CEMVR,RMHL,1
CEMVR,SMDVL,2
CEMVR,AVBR,29
CEMVR,AVFR,3
CEMVR,AWCR,1
CEMVR,CEPVR,5
CEMVR,CEPshVR,2
CEMVR,RIAR,10
CEMVR,RIBR,8
CEMVR,RICR,2
CEMVR,RIGR,18
CEMVR,RIPR,1
CEMVR,SAADR,1
CEPDR,AVEL,3
CEPDR,RICL,20
CEPDR,RMHL,6
CEPDR,IL1DR,17
CEPDR,OLQDR,17
CEPDR,RIBR,2
CEPDR,RICR,14
CEPDR,RIPR,5
CEPDR,SIAVR,8
CEPDR,URADR,5
CEPDR,dBWMR3,5
CEPDR,dBWMR5,2
CEPVR,AVEL,19
CEPVR,RICL,22
CEPVR,RMHL,9
CEPVR,SMDVL,2
CEPVR,AVER,8
CEPVR,AWCR,1
CEPVR,CEMVR,1
CEPVR,IL1VR,12
CEPVR,IL2VR,4
CEPVR,MCMR,1
CEPVR,OLLR,26
CEPVR,OLQVR,31
CEPVR,RIBR,2
CEPVR,RICR,24
CEPVR,RIPR,3
CEPVR,RMDDR,16
CEPVR,RMHR,5
CEPVR,SIAVR,11
CEPVR,SMDDR,8
CEPVR,URAVR,16
CEPVR,URXR,8
FLPR,FLPR,3
FLPR,AIBL,3
FLPR,AVAL,14
FLPR,FLPL,2
FLPR,RIML,4
FLPR,AIBR,4
FLPR,AVAR,14
FLPR,RIVR,3
I1R,M2L,1
I1R,M3L,1
I1R,MCL,3
I1R,NSML,1
I1R,I2R,6
I1R,M2R,3
I1R,M3R,6
I1R,MCR,4
I1R,NSMR,2
I1R,pm3VR,5
I1R,pm4VR,2
I1R,pm5VR,1
I2R,I2L,3
I2R,MCL,1
I2R,NSML,34
I2R,pm4VL,1
I2R,pm5VL,1
I2R,I1R,1
I2R,M2R,2
I2R,M3R,2
I2R,NSMR,7
I2R,e3VR,1
I2R,pm3VR,1
I2R,pm5VR,4
IL1R,RMDDL,1
IL1R,RMDVL,2
IL1R,RMHL,5
IL1R,RIBR,11
IL1R,RMDDR,28
IL1R,RMDVR,33
IL1R,dBWMR3,16
IL1R,dBWMR4,3
IL1R,dBWMR5,13
IL1DR,IL1R,1
IL1DR,RIPR,17
IL1DR,RMDVR,19
IL1DR,dBWMR1,14
IL1DR,dBWMR2,6
IL1DR,dBWMR3,12
IL1VR,SMDVL,2
IL1VR,IL2VR,1
IL1VR,RIPR,30
IL1VR,RMDDR,47
IL1VR,RMER,1
IL2R,RICL,3
IL2R,RMEL,1
IL2R,IL1R,2
IL2R,IL1VR,1
IL2R,OLLR,2
IL2R,OLQDR,26
IL2R,OLQVR,10
IL2R,RIBR,15
IL2R,RICR,3
IL2R,RMDR,1
IL2R,SMBVR,3
IL2R,URBR,10
IL2DR,RICL,3
IL2DR,RMEL,3
IL2DR,IL1DR,3
IL2DR,OLQDR,3
IL2DR,RIPR,11
IL2DR,RMER,4
IL2DR,URADR,8
IL2DR,URYDR,1
IL2VR,RMEL,11
IL2VR,CEPVR,3
IL2VR,IL1VR,15
IL2VR,RIPR,40
IL2VR,RMER,15
IL2VR,URAVR,13
LUAR,AVFL,10
LUAR,LUAL,6
LUAR,AVAR,12
LUAR,AVDR,9
LUAR,AVFR,3
LUAR,PVCR,3
LUAR,R1BR,3
LUAR,R6BR,3
LUAR,R9BR,7
M2R,M3L,2
M2R,M3R,1
M2R,NSMR,1
M2R,g1AR,3
M2R,pm4VR,3
M2R,pm5VR,12
M3R,g1AR,3
M3R,pm4VR,1
MCR,mc2DL,6
MCR,mc2DR,4
MCMR,MCMR,3
MCMR,AVBL,2
MCMR,AVBR,44
MCMR,CEMVR,6
MCMR,CEPVR,1
MCMR,RIFR,25
MCMR,RIPR,6
MCMR,RMDDR,2
NSMR,I2L,1
NSMR,pm5VL,1
NSMR,I2R,1
NSMR,M3R,24
NSMR,pm5VR,53
OLLR,AVEL,44
OLLR,SMDVL,24
OLLR,CEPDR,11
OLLR,CEPVR,9
OLLR,IL1R,5
OLLR,IL1VR,1
OLLR,RIBR,23
OLLR,RIGR,2
OLLR,RMDR,5
OLLR,RMDDR,17
OLLR,RMDVR,6
OLLR,RMER,1
OLQDR,RICL,22
OLQDR,RMDDL,20
OLQDR,CEPDR,1
OLQDR,IL2R,10
OLQDR,RIAR,1
OLQDR,RICR,3
OLQDR,RIPR,5
OLQDR,RMDVR,6
OLQDR,SIBVR,14
OLQVR,RMDVL,23
OLQVR,IL1VR,10
OLQVR,IL2R,11
OLQVR,IL2VR,5
OLQVR,RICR,16
OLQVR,RMER,5
OLQVR,SIBDR,23
OLQVR,SMBVR,1
PCAR,AVAL,1
PCAR,AVHL,1
PCAR,PCAL,4
PCAR,R8AL,21
PCAR,PCBR,67
PCAR,PHCR,4
PCAR,R8AR,71
PCAR,R8BR,1
PCAR,R9AR,14
PCAR,aobR,22
PCAR,gecR,10
PCAR,grtR,2
PCAR,pobR,34
PCBR,PCBL,2
PCBR,PHCL,2
PCBR,PCAR,14
PCBR,PCCR,8
PCBR,PHCR,38
PCBR,R2BR,3
PCBR,R4BR,6
PCBR,R7BR,3
PCBR,R8AR,6
PCBR,R9AR,2
PCBR,SPCR,5
PCBR,aobR,71
PCBR,dBWMR24,1
PCBR,gecR,15
PCBR,grtR,4
PCBR,pobR,56
PCCR,PCBL,13
PCCR,PCCL,2
PCCR,SPVL,3
PCCR,PCBR,9
PCCR,SPCR,14
PCCR,pobR,21
PDER,PDER,2
PDER,AVKL,23
PDER,PDEL,2
PDER,PVCL,2
PDER,R1BR,2
PHAR,AVAL,4
PHAR,AVFL,5
PHAR,PCAL,2
PHAR,PHAL,4
PHAR,PHCL,2
PHAR,R3BL,1
PHAR,R8AL,7
PHAR,R9BL,60
PHAR,PCAR,2
PHAR,PHBR,20
PHAR,PHCR,6
PHAR,PVCR,15
PHAR,PVQR,1
PHAR,R1BR,2
PHAR,R3BR,3
PHAR,R6BR,6
PHAR,R8AR,6
PHAR,ailR,3
PHBR,PHBL,5
PHBR,PHCL,6
PHBR,PVQL,1
PHBR,R9BL,13
PHBR,AVHR,1
PHBR,PCAR,11
PHBR,PHAR,7
PHBR,PHCR,2
PHBR,PVQR,4
PHBR,R3BR,4
PHBR,R9AR,6
PHBR,vspR,2
PHCR,PHCL,11
PHCR,R4BL,1
PHCR,R8AL,1
PHCR,R8BL,2
PHCR,AVHR,2
PHCR,PCBR,54
PHCR,PVNR,4
PHCR,R2BR,16
PHCR,R4BR,2
PHCR,R6AR,1
PHCR,R8AR,12
PHCR,SPDR,3
PHDR,PHDL,13
PHDR,PVNL,17
PHDR,R2BL,6
PHDR,R7BL,11
PHDR,R8BL,1
PHDR,R9AL,1
PHDR,PCCR,4
PHDR,PVNR,29
PHDR,R2BR,2
PHDR,R4BR,3
PHDR,R7BR,2
PHDR,R8AR,1
PHDR,R8BR,7
PHDR,R9AR,3
PHDR,SPDR,2
PHDR,SPVR,2
PLMR,AVAL,3
PLMR,AVDL,8
PLMR,PDEL,18
PLMR,AVAR,5
PLMR,AVDR,5
PLMR,PDER,10
PLNR,RMGR,5
PLNR,SAADR,22
PLNR,SMBVR,10
PLNR,SMDDR,1
PVCR,AVAL,8
PVCR,AVBL,19
PVCR,AVDL,5
PVCR,AVEL,8
PVCR,PVCL,2
PVCR,PVDL,2
PVCR,AVAR,10
PVCR,AVBR,4
PVCR,AVDR,1
PVCR,MCMR,3
PVCR,PVDR,1
PVCR,SIAVR,8
PVCR,SIBVR,1
PVDR,AVAL,9
PVDR,AVDL,1
PVDR,PVCL,29
PVDR,PVDL,2
PVDR,AVAR,30
PVDR,PVCR,29
PVNR,AVFL,5
PVNR,PHCL,1
PVNR,PVPL,1
PVNR,AVBR,1
PVNR,AVFR,2
PVNR,PHCR,1
PVNR,PVDR,5
PVNR,PVPR,2
PVNR,R2BR,3
PVNR,R7BR,8
PVPR,AIBL,2
PVPR,AVBL,4
PVPR,ADLR,1
PVPR,AVBR,4
PVPR,MCMR,2
PVPR,RIFR,2
PVPR,RIGR,2
PVPR,SMBVR,1
PVQR,AIAR,17
PVQR,ASHR,5
PVQR,ASKR,13
PVQR,AVFR,6
PVQR,MCMR,4
R1AR,R2AR,10
R1AR,R4AR,3
R1AR,R6AR,3
R1AR,dglR6,12
R1AR,dglR7,4
R1BR,R1BR,39
R1BR,AVAL,1
R1BR,AVFL,59
R1BR,PDEL,3
R1BR,PVNL,9
R1BR,PVWL,6
R1BR,R6BL,10
R1BR,R7BL,2
R1BR,R9BL,6
R1BR,vBWML22,13
R1BR,AVAR,5
R1BR,AVDR,1
R1BR,AVFR,2
R1BR,LUAR,5
R1BR,PCAR,12
R1BR,PHAR,2
R1BR,PVCR,20
R1BR,PVDR,5
R1BR,PVNR,13
R1BR,PVPR,6
R1BR,PVWR,6
R1BR,R1AR,2
R1BR,R2AR,20
R1BR,R2BR,3
R1BR,R3BR,5
R1BR,R4AR,3
R1BR,R5BR,24
R1BR,R6AR,3
R1BR,R6BR,72
R1BR,R7BR,13
R1BR,R9AR,7
R1BR,R9BR,2
R2AR,R2AR,25
R2AR,R2AL,62
R2AR,R1AR,9
R2AR,R4AR,15
R2AR,R6AR,1
R2AR,dglR5,1
R2AR,dglR6,1
R2BR,R2BR,17
R2BR,PCAL,2
R2BR,R4BL,7
R2BR,R7AL,15
R2BR,R7BL,1
R2BR,R8AL,6
R2BR,PCAR,12
R2BR,PCBR,33
R2BR,PHCR,86
R2BR,R3AR,12
R2BR,R4AR,6
R2BR,R4BR,1
R2BR,R6AR,10
R2BR,R7AR,20
R2BR,R7BR,19
R2BR,R8AR,19
R2BR,R8BR,17
R2BR,SPCR,5
R2BR,SPDR,5
R3AR,AVAL,2
R3AR,R1AL,28
R3AR,R3AL,39
R3AR,R4AL,7
R3AR,R5AL,1
R3AR,R5AR,7
R3AR,cdlR,1
R3AR,dglR7,2
R3AR,polR,39
R3BR,R3BR,1
R3BR,AVAL,14
R3BR,PCAL,2
R3BR,PCBL,3
R3BR,PHAL,12
R3BR,PHBL,10
R3BR,PHCL,15
R3BR,PHDL,6
R3BR,PVNL,38
R3BR,R3BL,2
R3BR,R9AL,16
R3BR,AVFR,4
R3BR,AVHR,7
R3BR,PHBR,4
R3BR,PHCR,10
R3BR,PHDR,1
R3BR,R1AR,2
R3BR,R3AR,12
R3BR,R5AR,1
R3BR,R5BR,7
R3BR,R9AR,2
R4AR,R4AR,21
R4AR,R3AL,6
R4AR,R4AL,91
R4AR,R7BL,7
R4AR,dBWML24,1
R4AR,AVFR,2
R4AR,R1AR,19
R4AR,R1BR,1
R4AR,R2AR,2
R4AR,R3AR,1
R4AR,R5AR,13
R4AR,R5BR,2
R4AR,R6AR,26
R4AR,cdlR,1
R4AR,polR,11
R4AR,vBWMR22,2
R4BR,R4BR,3
R4BR,PHCL,19
R4BR,R2BL,18
R4BR,R4BL,2
R4BR,R8BL,12
R4BR,R9BL,3
R4BR,SPVL,2
R4BR,PHCR,12
R4BR,PHDR,1
R4BR,PVNR,4
R4BR,R2BR,20
R4BR,R3AR,21
R4BR,R4AR,1
R4BR,R6AR,34
R4BR,R7AR,1
R4BR,R7BR,1
R4BR,R8BR,16
R5AR,AVKL,3
R5AR,R3AL,2
R5AR,R4AL,13
R5AR,R5AL,12
R5AR,R3AR,3
R5AR,R4AR,15
R5AR,R5BR,3
R5AR,R6AR,6
R5AR,cdlR,1
R5AR,vBWMR22,2
R5BR,AVFL,5
R5BR,LUAL,2
R5BR,PHAL,4
R5BR,PVCL,12
R5BR,R7BL,3
R5BR,AVAR,1
R5BR,AVFR,22
R5BR,PHAR,1
R5BR,PVNR,8
R5BR,R1BR,16
R5BR,R2AR,5
R5BR,R3AR,4
R5BR,R3BR,8
R5BR,R4AR,3
R5BR,R5AR,3
R5BR,R6AR,2
R5BR,R7AR,3
R5BR,R7BR,32
R5BR,R9AR,2
R5BR,R9BR,4
R5BR,cdlR,10
R5BR,vBWMR22,3
R6AR,R6AR,1
R6AR,R7AL,4
R6AR,R7BL,6
R6AR,PLMR,1
R6AR,PLNR,1
R6AR,R5AR,20
R6AR,R5BR,3
R6AR,R7AR,44
R6BR,AVFL,2
R6BR,R3BL,22
R6BR,R9BL,72
R6BR,PHBR,1
R6BR,R1BR,14
R6BR,R3BR,2
R7AR,R7AR,2
R7AR,PHCL,2
R7AR,PHDL,2
R7AR,R6AL,18
R7AR,R7AL,11
R7AR,R9BL,4
R7AR,R2BR,8
R7AR,R4AR,2
R7AR,R4BR,14
R7AR,R5BR,5
R7AR,R6AR,26
R7AR,R6BR,1
R7AR,R7BR,8
R7AR,R9AR,6
R7AR,R9BR,2
R7BR,R7BR,28
R7BR,AVFL,14
R7BR,PHAL,2
R7BR,R3BL,3
R7BR,R6BL,6
R7BR,R7AL,5
R7BR,R7BL,33
R7BR,R9AL,6
R7BR,AVFR,5
R7BR,PCBR,8
R7BR,PLNR,1
R7BR,PVNR,10
R7BR,PVWR,7
R7BR,R1BR,21
R7BR,R2BR,1
R7BR,R3AR,3
R7BR,R4BR,2
R7BR,R5BR,10
R7BR,R6AR,4
R7BR,R7AR,3
R7BR,R9BR,8
R7BR,cdlR,2
R7BR,dBWMR24,1
R7BR,polR,1
R8AR,PCAL,7
R8AR,R8AL,2
R8AR,PCAR,20
R8AR,PCBR,3
R8AR,PHCR,61
R8AR,PVNR,10
R8AR,R9AR,1
R8BR,R8BR,3
R8BR,PHCL,7
R8BR,PHDL,2
R8BR,PVNL,2
R8BR,R2BL,7
R8BR,R4BL,4
R8BR,R8AL,2
R8BR,R8BL,2
R8BR,R9BL,7
R8BR,PCAR,1
R8BR,PHCR,58
R8BR,PHDR,7
R8BR,PVNR,6
R8BR,R2AR,1
R8BR,R2BR,7
R8BR,R4BR,7
R8BR,R8AR,8
R8BR,R9AR,1
R8BR,dBWMR24,1
R9AR,PCAL,3
R9AR,PHCL,14
R9AR,PHDL,3
R9AR,PVNL,1
R9AR,R2BL,1
R9AR,R3BL,1
R9AR,R8BL,1
R9AR,PCAR,14
R9AR,PCBR,2
R9AR,PHCR,35
R9AR,PHDR,6
R9AR,R3BR,4
R9AR,R7BR,2
R9AR,R8AR,24
R9AR,R8BR,4
R9BR,R9BR,1
R9BR,R2BL,3
R9BR,R3BL,6
R9BR,R4BL,4
R9BR,R6BL,5
R9BR,R7BL,4
R9BR,R9BL,30
R9BR,LUAR,18
R9BR,PHDR,1
R9BR,PVCR,3
R9BR,PVNR,28
R9BR,R5BR,12
R9BR,R7AR,8
R9BR,R7BR,17
R9BR,R7stR,2
R9BR,R8BR,12
R9BR,R9AR,11
RIAR,AIZL,3
RIAR,RIAL,47
RIAR,RIBL,17
RIAR,RIVL,6
RIAR,RMDL,13
RIAR,RMDDL,39
RIAR,RMDVL,113
RIAR,RMGL,1
RIAR,SIADL,4
RIAR,SIAVL,23
RIAR,SMDDL,33
RIAR,SMDVL,42
RIAR,AIZR,1
RIAR,CEPVR,3
RIAR,RIBR,32
RIAR,RIVR,6
RIAR,RMDR,33
RIAR,RMDDR,107
RIAR,RMDVR,81
RIAR,SAADR,2
RIAR,SIADR,4
RIAR,SMDDR,57
RIAR,SMDVR,27
RIBR,AVEL,5
RIBR,RIAL,12
RIBR,AUAR,4
RIBR,IL1R,3
RIBR,IL2R,2
RIBR,RIAR,31
RIBR,RIGR,6
RIBR,RMDR,5
RIBR,RMDDR,5
RIBR,RMDVR,4
RICR,AIBL,15
RICR,AVAL,38
RICR,CEPDL,5
RICR,CEPVL,2
RICR,RIAL,1
RICR,RIML,4
RICR,RMFL,6
RICR,SMDDL,16
RICR,AVAR,30
RICR,RIVR,2
RICR,SAAVR,9
RICR,SIADR,3
RICR,SMBDR,10
RICR,SMDDR,16
RICR,SMDVR,2
RIFR,RIFR,1
RIFR,AVBL,2
RIFR,AVEL,3
RIFR,AVBR,28
RIFR,AVFR,1
RIFR,AVHR,1
RIFR,MCMR,18
RIGR,AVEL,9
RIGR,AVKL,14
RIGR,RMHL,19
RIGR,CEMVR,11
RIGR,OLQVR,4
RIGR,PLNR,4
RIGR,PVPR,5
RIGR,RIBR,5
RIMR,AIBL,14
RIMR,AVAL,1
RIMR,AVBL,11
RIMR,AVDL,1
RIMR,AVEL,8
RIMR,RIBL,2
RIMR,RIGL,1
RIMR,RMDL,17
RIMR,SAAVL,28
RIMR,SMDDL,5
RIMR,SMDVL,2
RIMR,dBWML5,15
RIMR,vBWML4,5
RIMR,AVBR,8
RIMR,PVCR,2
RIMR,RIAR,1
RIMR,RIBR,3
RIMR,RIFR,8
RIMR,RMDR,6
RIMR,RMFR,11
RIMR,SAAVR,16
RIMR,SMDDR,29
RIMR,SMDVR,11
RIPR,mc2DR,1
RIPR,pm3VR,6
RIVR,RIVR,1
RIVR,GLRVL,18
RIVR,RIAL,11
RIVR,RIML,10
RIVR,RMDDL,3
RIVR,RMFL,3
RIVR,SAADL,31
RIVR,SIAVL,13
RIVR,vBWML3,2
RIVR,vBWML4,1
RIVR,vBWML7,9
RIVR,AIBR,10
RIVR,GLRVR,7
RIVR,RIAR,2
RIVR,RMDVR,9
RIVR,SMDVR,6
RIVR,dBWMR7,1
RIVR,vBWMR6,8
RIVR,vBWMR7,14
RMDR,CEPDL,6
RMDR,IL1L,4
RMDR,IL2L,11
RMDR,RIAL,16
RMDR,RMDL,16
RMDR,RMDDL,5
RMDR,RMGL,2
RMDR,SMBVL,1
RMDR,URXL,5
RMDR,dBWML5,2
RMDR,vBWML4,2
RMDR,vBWML5,2
RMDR,RIAR,25
RMDR,RIMR,5
RMDR,RMER,2
RMDR,SIADR,5
RMDR,SMDDR,5
RMDDR,RMDVL,34
RMDDR,dBWML1,2
RMDDR,dBWML2,12
RMDDR,dBWML3,1
RMDDR,dBWML4,17
RMDDR,dBWML6,3
RMDDR,vBWML1,2
RMDDR,SMBDR,3
RMDDR,dBWMR1,3
RMDDR,dBWMR2,7
RMDDR,dBWMR6,3
RMDDR,dBWMR7,3
RMDVR,IL1VL,3
RMDVR,OLQVL,3
RMDVR,RMDDL,73
RMDVR,SMBVL,1
RMDVR,dBWML3,5
RMDVR,vBWML1,21
RMDVR,vBWML2,15
RMDVR,vBWML3,8
RMDVR,vBWML4,19
RMDVR,vBWML5,8
RMDVR,vBWML6,5
RMDVR,vBWML7,2
RMDVR,vBWMR3,2
RMDVR,vBWMR6,2
RMDVR,vBWMR7,2
RMER,RMER,2
RMER,IL1L,3
RMER,dBWML3,45
RMER,dBWML4,4
RMER,vBWML1,14
RMER,vBWML4,7
RMFR,RIGR,4
RMFR,SIBVR,6
RMFR,URYDR,2
RMGR,RMDDL,3
RMGR,SAADL,3
RMGR,SMDDL,3
RMGR,ALMR,2
RMGR,MCMR,2
RMGR,OLLR,3
RMGR,RIBR,24
RMGR,RMDR,4
RMGR,RMDVR,23
RMGR,SIBVR,2
RMGR,SMBVR,3
RMGR,dBWMR5,3
RMHR,CEPDL,2
RMHR,CEPVL,3
RMHR,RMDL,12
RMHR,dBWML3,1
RMHR,dBWML4,7
RMHR,dBWML5,8
RMHR,vBWML1,3
RMHR,RMDR,2
SAADR,dBWML3,7
SAADR,dBWML4,3
SAADR,dBWML6,2
SAAVR,RIML,29
SAAVR,RMFL,6
SAAVR,SABVL,2
SAAVR,SMDDL,17
SAAVR,vBWML3,7
SAAVR,vBWML4,3
SAAVR,vBWML6,2
SAAVR,AVAR,70
SAAVR,RIMR,5
SAAVR,SMDVR,1
SABVR,SAAVL,4
SABVR,vBWMR1,15
SABVR,vBWMR3,67
SABVR,vBWMR4,63
SABVR,vBWMR6,20
SDQR,SDQR,10
SDQR,AVBL,36
SDQR,FLPL,14
SDQR,PVCL,2
SDQR,SDQL,4
SDQR,SIADL,2
SDQR,ALMR,13
SDQR,AVBR,20
SDQR,FLPR,2
SDQR,RIVR,10
SIADR,SDQL,4
SIADR,dBWML10,8
SIADR,dBWML11,8
SIADR,dBWML12,8
SIADR,dBWML13,8
SIADR,dBWML14,8
SIADR,dBWML15,8
SIADR,dBWML16,3
SIADR,dBWML5,8
SIADR,dBWML6,3
SIADR,dBWML7,8
SIADR,dBWML8,12
SIADR,dBWML9,8
SIADR,SIBDR,4
SIADR,SMBDR,17
SIADR,SMDDR,17
SIAVR,SIBVL,2
SIAVR,SMDVL,10
SIAVR,AVKR,1
SIAVR,SMBVR,2
SIAVR,vBWMR10,4
SIAVR,vBWMR11,4
SIAVR,vBWMR12,4
SIAVR,vBWMR13,4
SIAVR,vBWMR14,4
SIAVR,vBWMR15,4
SIAVR,vBWMR16,1
SIAVR,vBWMR5,4
SIAVR,vBWMR6,1
SIAVR,vBWMR7,4
SIAVR,vBWMR8,5
SIAVR,vBWMR9,4
SIBDR,dBWML10,3
SIBDR,dBWML11,3
SIBDR,dBWML12,3
SIBDR,dBWML13,3
SIBDR,dBWML14,3
SIBDR,dBWML15,3
SIBDR,dBWML16,1
SIBDR,dBWML5,3
SIBDR,dBWML6,1
SIBDR,dBWML7,3
SIBDR,dBWML8,4
SIBDR,dBWML9,3
SIBDR,SIADR,2
SIBDR,SMDDR,10
SIBDR,dBWMR4,1
SIBVR,AIBL,1
SIBVR,SIAVL,5
SIBVR,vBWML10,10
SIBVR,vBWML11,10
SIBVR,vBWML12,10
SIBVR,vBWML13,10
SIBVR,vBWML14,10
SIBVR,vBWML15,10
SIBVR,vBWML16,4
SIBVR,vBWML5,10
SIBVR,vBWML6,3
SIBVR,vBWML7,10
SIBVR,vBWML8,13
SIBVR,vBWML9,10
SIBVR,AVER,2
SIBVR,RIGR,1
SIBVR,SMDVR,22
SMBDR,SMBDR,3
SMBDR,CEMDL,5
SMBDR,CEPDL,18
SMBDR,IL1DL,8
SMBDR,OLQDL,8
SMBDR,SAAVL,14
SMBDR,SDQL,18
SMBDR,SMBDL,3
SMBDR,dBWML1,5
SMBDR,dBWML10,9
SMBDR,dBWML11,9
SMBDR,dBWML12,9
SMBDR,dBWML13,9
SMBDR,dBWML14,9
SMBDR,dBWML15,9
SMBDR,dBWML16,3
SMBDR,dBWML2,11
SMBDR,dBWML4,3
SMBDR,dBWML5,20
SMBDR,dBWML6,7
SMBDR,dBWML7,9
SMBDR,dBWML8,12
SMBDR,dBWML9,9
SMBDR,RMDDR,11
SMBDR,SIADR,20
SMBDR,SIAVR,1
SMBDR,SMBVR,3
SMBDR,SMDDR,4
SMBDR,dBWMR1,3
SMBDR,dBWMR2,3
SMBDR,dBWMR7,9
SMBVR,RMHL,1
SMBVR,PLNR,14
SMBVR,RMDR,1
SMBVR,SAADR,37
SMBVR,SIAVR,1
SMBVR,SMBDR,2
SMBVR,dBWMR4,1
SMBVR,vBWMR1,7
SMBVR,vBWMR10,2
SMBVR,vBWMR11,2
SMBVR,vBWMR12,2
SMBVR,vBWMR13,2
SMBVR,vBWMR14,2
SMBVR,vBWMR15,2
SMBVR,vBWMR16,1
SMBVR,vBWMR2,3
SMBVR,vBWMR3,10
SMBVR,vBWMR4,12
SMBVR,vBWMR5,2
SMBVR,vBWMR6,12
SMBVR,vBWMR7,12
SMBVR,vBWMR8,5
SMBVR,vBWMR9,2
SMDDR,RIAL,14
SMDDR,RIBL,22
SMDDR,SMDDL,4
SMDDR,SMDVL,5
SMDDR,dBWML10,6
SMDDR,dBWML11,6
SMDDR,dBWML12,6
SMDDR,dBWML13,6
SMDDR,dBWML14,6
SMDDR,dBWML15,6
SMDDR,dBWML16,2
SMDDR,dBWML2,3
SMDDR,dBWML5,11
SMDDR,dBWML6,4
SMDDR,dBWML7,6
SMDDR,dBWML8,8
SMDDR,dBWML9,6
SMDDR,vBWML2,3
SMDDR,RIAR,10
SMDDR,RMDR,1
SMDDR,SIADR,14
SMDDR,SIBDR,14
SMDDR,SMBDR,3
SMDDR,vBWMR2,6
SMDDR,vBWMR6,2
SMDVR,RIAL,40
SMDVR,RMDDL,1
SMDVR,SIAVL,30
SMDVR,SMDDL,14
SMDVR,vBWML10,15
SMDVR,vBWML11,15
SMDVR,vBWML12,15
SMDVR,vBWML13,15
SMDVR,vBWML14,15
SMDVR,vBWML15,15
SMDVR,vBWML16,7
SMDVR,vBWML2,9
SMDVR,vBWML3,9
SMDVR,vBWML4,5
SMDVR,vBWML5,19
SMDVR,vBWML6,14
SMDVR,vBWML7,15
SMDVR,vBWML8,19
SMDVR,vBWML9,15
SMDVR,RIAR,39
SMDVR,RIVR,1
SMDVR,SIBVR,30
SPCR,PCCL,8
SPCR,PCBR,1
SPCR,PCCR,3
SPCR,PHCR,3
SPCR,R2BR,6
SPCR,SPDR,6
SPCR,dspR,27
SPCR,vspR,8
SPDR,PVNL,1
SPDR,PVPL,1
SPDR,SPDL,6
SPDR,SPVL,3
SPDR,ailL,6
SPDR,vBWML23,7
SPDR,SPVR,3
SPDR,ailR,17
SPDR,vBWMR23,4
SPVR,PVNL,5
SPVR,PVPL,2
SPVR,R8AL,5
SPVR,SPDL,58
SPVR,SPVL,11
SPVR,PVWR,1
SPVR,SPCR,10
SPVR,SPDR,55
URADR,RIPR,16
URADR,RMER,10
URADR,dBWMR1,15
URADR,dBWMR2,5
URADR,dBWMR3,4
URADR,dBWMR4,4
URADR,dBWMR5,7
URAVR,RIPR,15
URAVR,RMER,12
URAVR,vBWMR2,14
URAVR,vBWMR3,7
URAVR,vBWMR4,18
URAVR,vBWMR6,1
URBR,CEPDR,4
URBR,RMGR,1
URXR,RICL,1
URXR,AUAR,6
URXR,AVAR,1
URXR,AVER,19
URXR,IL1R,2
URXR,IL2R,1
URXR,RIAR,8
URXR,RIGR,17
URXR,RMGR,1
